model,role,rq,condition,n,jitter_iqr_s,jitter_std_s,p_gt_0_050,p_gt_0_050_ci_low,p_gt_0_050_ci_high,p_gt_0_100,p_gt_0_100_ci_low,p_gt_0_100_ci_high,p_gt_0_200,p_gt_0_200_ci_low,p_gt_0_200_ci_high,p_gt_0_500,p_gt_0_500_ci_low,p_gt_0_500_ci_high,p_gt_1_000,p_gt_1_000_ci_low,p_gt_1_000_ci_high,availability,throughput_decisions_per_s,goodput_correct_per_s,sla_violation_rate,rq4_false_admission_rate,rq4_false_blocking_rate,request_bytes_median,response_bytes_median,input_tokens_median,output_tokens_median,energy_j_per_decision,energy_j_per_correct_decision,idle_power_w,energy_j_per_decision_above_idle,flag_low_power_samples,flag_valid_lt_50
Jev-1.13.0,main,RQ1a,base,300,0.06562745803967118,0.06608904598014469,1.0,1.0,1.0,1.0,1.0,1.0,1.0,1.0,1.0,0.013333333333333334,0.0033333333333333335,0.02666666666666667,0.0,0.0,0.0,1.0,3.4667821594105295,3.258775229845898,0.0,,,186.5,728.0,815.0,181.0,,,,,,False
DeepSeek-V4.1-Flash,main,RQ1a,base,300,0.07102998974733055,0.7475706085230639,1.0,1.0,1.0,1.0,1.0,1.0,1.0,1.0,1.0,0.13666666666666666,0.09666666666666666,0.17666666666666667,0.05333333333333334,0.03,0.08,1.0,1.8704799513135217,1.8517751518003867,0.0033333333333333335,,,186.5,928.0,247.0,26.0,,,,,,False
GLM-5.3-Flash,main,RQ1a,base,300,0.293409624369815,0.9060173670778773,1.0,1.0,1.0,1.0,1.0,1.0,1.0,1.0,1.0,0.9266666666666666,0.8966666666666666,0.9533333333333334,0.19,0.14666666666666667,0.23333333333333334,1.0,1.0544860721916542,1.0404262578957655,0.006666666666666667,,,186.5,1118.0,248.0,36.0,,,,,,False
Qwen3.8-Flash,main,RQ1a,base,300,0.9018506139982492,0.9608075605948219,1.0,1.0,1.0,1.0,1.0,1.0,1.0,1.0,1.0,1.0,1.0,1.0,1.0,1.0,1.0,0.9966666666666667,0.48194896394330217,0.4626710053855701,0.0033333333333333335,,,186.5,929.0,254.0,30.0,,,,,,False
SemIf-Qwen3.5-4B,main,RQ1a,base,300,0.001009996049106121,0.05780018217775441,1.0,1.0,1.0,0.9966666666666667,0.99,1.0,0.16333333333333333,0.12333333333333334,0.20666666666666667,0.0,0.0,0.0,0.0,0.0,0.0,1.0,6.783409733736691,4.341382229591482,0.08,,,186.5,1031.0,589.0,0.0,23.678595501391094,36.99780547092359,97.69,9.274856332651776,False,False
Laya,main,RQ1a,base,300,0.0009294297778978944,0.054221454894331,1.0,1.0,1.0,0.16666666666666666,0.12666666666666668,0.21,0.06666666666666667,0.04,0.09666666666666666,0.0,0.0,0.0,0.0,0.0,0.0,1.0,12.736421862088621,1.4010064048297484,0.14333333333333334,,,186.5,849.0,nan,0.0,8.380893167968592,76.18993789062355,92.77,1.1377207712213204,False,False
Qwen3.5-4B-JSON,reference,RQ1a,base,300,0.04821027850266546,0.14628689371976078,1.0,1.0,1.0,1.0,1.0,1.0,1.0,1.0,1.0,1.0,1.0,1.0,0.013333333333333334,0.0033333333333333335,0.02666666666666667,1.0,1.2590599679085397,0.6043487845960991,0.05333333333333334,,,186.5,511.0,252.0,30.0,127.18634503382843,264.9715521538092,108.935,40.64220800270638,False,False
Rule,reference,RQ1a,base,300,1.0728836059570312e-05,2.3042918007725864e-05,0.0,0.0,0.0,0.0,0.0,0.0,0.0,0.0,0.0,0.0,0.0,0.0,0.0,0.0,0.0,1.0,50070.32782966151,3338.021855310767,0.88,,,186.5,11.0,0.0,0.0,,,,,,False
Jev-1.13.0,main,RQ1a,pad_512,300,0.05578078189864755,0.06954633996539257,1.0,1.0,1.0,1.0,1.0,1.0,1.0,1.0,1.0,0.013333333333333334,0.0033333333333333335,0.02666666666666667,0.0033333333333333335,0.0,0.01,1.0,3.4602213066024334,3.194937673096247,0.01,,,1395.0,736.0,1448.0,181.0,,,,,,False
DeepSeek-V4.1-Flash,main,RQ1a,pad_512,300,0.10859230323694646,0.4129981543686357,1.0,1.0,1.0,1.0,1.0,1.0,1.0,1.0,1.0,0.51,0.4533333333333333,0.5666666666666667,0.03333333333333333,0.013333333333333334,0.05333333333333334,1.0,1.7298248594393355,1.6836961965209534,0.006666666666666667,,,1395.0,929.0,751.0,25.0,,,,,,False
GLM-5.3-Flash,main,RQ1a,pad_512,300,0.2549335518851876,1.4763827244199281,1.0,1.0,1.0,1.0,1.0,1.0,1.0,1.0,1.0,1.0,1.0,1.0,0.18666666666666668,0.14333333333333334,0.23,1.0,0.9302278416678939,0.9054217658900833,0.016666666666666666,,,1395.0,930.0,745.0,26.0,,,,,,False
Qwen3.8-Flash,main,RQ1a,pad_512,300,0.9228330519981682,1.1606194085654027,1.0,1.0,1.0,1.0,1.0,1.0,1.0,1.0,1.0,1.0,1.0,1.0,0.9966666666666667,0.99,1.0,0.9966666666666667,0.4913538841058643,0.4733375750219826,0.0033333333333333335,,,1395.0,932.0,870.0,36.0,,,,,,False
SemIf-Qwen3.5-4B,main,RQ1a,pad_512,300,0.0019796208944171667,0.03748766787884726,1.0,1.0,1.0,1.0,1.0,1.0,0.11333333333333333,0.08,0.15,0.0,0.0,0.0,0.0,0.0,0.0,1.0,6.992453640951598,3.0067550656091875,0.30666666666666664,,,1395.0,1032.0,1206.0,0.0,30.890076777184017,71.83738785391631,97.69,16.937014084637173,False,False
Laya,main,RQ1a,pad_512,300,0.001982009969651699,0.027955554503523272,1.0,1.0,1.0,0.07666666666666666,0.04666666666666667,0.10666666666666667,0.0033333333333333335,0.0,0.01,0.0,0.0,0.0,0.0,0.0,0.0,1.0,14.361446736875592,0.14361446736875594,0.30666666666666664,,,1395.0,851.0,nan,0.0,11.629906201728186,1162.9906201728186,92.77,5.25506103211244,False,False
Qwen3.5-4B-JSON,reference,RQ1a,pad_512,300,0.0669492157176137,0.11042945389727277,1.0,1.0,1.0,1.0,1.0,1.0,1.0,1.0,1.0,1.0,1.0,1.0,0.023333333333333334,0.006666666666666667,0.04,1.0,1.2898897125416118,0.5331544145171995,0.056666666666666664,,,1395.0,511.0,868.0,30.0,130.5174467607379,315.76801635662395,108.935,46.02128776770831,False,False
Rule,reference,RQ1a,pad_512,300,5.6344084441661835e-05,3.449497068789591e-05,0.0,0.0,0.0,0.0,0.0,0.0,0.0,0.0,0.0,0.0,0.0,0.0,0.0,0.0,0.0,1.0,11612.814660554257,774.1876440369505,0.88,,,1395.0,11.0,0.0,0.0,,,,,,False
Jev-1.13.0,main,RQ1a,pad_2048,300,0.05350518855266273,0.07619931298839133,1.0,1.0,1.0,1.0,1.0,1.0,1.0,1.0,1.0,0.016666666666666666,0.0033333333333333335,0.03333333333333333,0.0033333333333333335,0.0,0.01,1.0,3.3147177568666795,3.0384912771277897,0.01,,,5297.0,738.0,3504.0,181.0,,,,,,False
DeepSeek-V4.1-Flash,main,RQ1a,pad_2048,300,0.16145541635341942,2.2928773873734984,1.0,1.0,1.0,1.0,1.0,1.0,1.0,1.0,1.0,0.7566666666666667,0.7066666666666667,0.8033333333333333,0.06333333333333334,0.03666666666666667,0.09333333333333334,1.0,1.0901534680893137,1.0610827089402655,0.0033333333333333335,,,5297.0,934.0,2388.0,25.0,,,,,,False
GLM-5.3-Flash,main,RQ1a,pad_2048,300,0.27156797843053937,0.6637826236215417,1.0,1.0,1.0,1.0,1.0,1.0,1.0,1.0,1.0,1.0,1.0,1.0,0.20666666666666667,0.16325000000000006,0.25333333333333335,1.0,1.0392779371287995,1.0080995990149353,0.016666666666666666,,,5297.0,931.5,2360.5,26.0,,,,,,False
Qwen3.8-Flash,main,RQ1a,pad_2048,300,0.351610406069085,0.5573844471724906,1.0,1.0,1.0,1.0,1.0,1.0,1.0,1.0,1.0,1.0,1.0,1.0,1.0,1.0,1.0,1.0,0.5758648488865288,0.558588903419933,0.0,,,5297.0,942.0,2869.0,40.0,,,,,,False
SemIf-Qwen3.5-4B,main,RQ1a,pad_2048,300,0.0010622795671224594,0.054783296041528096,1.0,1.0,1.0,1.0,1.0,1.0,1.0,1.0,1.0,0.006666666666666667,0.0,0.016666666666666666,0.0,0.0,0.0,1.0,4.357104874014716,1.9171261445664753,0.32666666666666666,,,5297.0,1032.0,3205.0,0.0,61.57620412441492,139.94591846457936,97.69,39.242967555058,False,False
Laya,main,RQ1a,pad_2048,300,0.0009466272313147783,0.0014261485492571215,1.0,1.0,1.0,0.0,0.0,0.0,0.0,0.0,0.0,0.0,0.0,0.0,0.0,0.0,0.0,1.0,13.680743152586269,0.18240990870115026,0.5066666666666667,,,5297.0,852.0,nan,0.0,14.382543977808952,1078.6907983356714,92.77,7.636618793447812,False,False
Qwen3.5-4B-JSON,reference,RQ1a,pad_2048,300,0.03051495586987585,0.16042193386587575,1.0,1.0,1.0,1.0,1.0,1.0,1.0,1.0,1.0,1.0,1.0,1.0,0.05,0.02666666666666667,0.07666666666666666,1.0,1.142647159101288,0.33898532386671537,0.07666666666666666,,,5297.0,513.0,2867.0,31.0,161.9710691328446,545.9698959534088,108.935,66.53202630292972,False,False
Rule,reference,RQ1a,pad_2048,300,0.0002328443806618452,0.00011558488587276079,0.0,0.0,0.0,0.0,0.0,0.0,0.0,0.0,0.0,0.0,0.0,0.0,0.0,0.0,0.0,1.0,3283.4797556450667,218.8986503763378,0.88,,,5297.0,11.0,0.0,0.0,,,,,,False
Jev-1.13.0,main,RQ1a,pad_8192,300,0.07229798985645175,0.17761170448650943,1.0,1.0,1.0,1.0,1.0,1.0,1.0,1.0,1.0,0.07666666666666666,0.04666666666666667,0.10666666666666667,0.006666666666666667,0.0,0.016666666666666666,1.0,2.6433532572787675,2.4054514641236784,0.016666666666666666,,,20926.5,739.0,11738.0,181.0,,,,,,False
DeepSeek-V4.1-Flash,main,RQ1a,pad_8192,300,0.11620213510468602,0.15158552978952558,1.0,1.0,1.0,1.0,1.0,1.0,1.0,1.0,1.0,0.6133333333333333,0.5566666666666666,0.67,0.02,0.006666666666666667,0.03666666666666667,1.0,1.7761449280300488,1.7347015463760145,0.0033333333333333335,,,20926.5,933.0,8932.0,25.0,,,,,,False
GLM-5.3-Flash,main,RQ1a,pad_8192,300,0.47464645793661475,3.9569516745982996,1.0,1.0,1.0,1.0,1.0,1.0,1.0,1.0,1.0,1.0,1.0,1.0,0.6633333333333333,0.6066666666666667,0.7166666666666667,0.9933333333333333,0.4750454839619844,0.4512932097638852,0.03,,,20926.5,934.0,8822.0,26.0,,,,,,False
Qwen3.8-Flash,main,RQ1a,pad_8192,300,0.6828978958074003,1.1960670375389595,1.0,1.0,1.0,1.0,1.0,1.0,1.0,1.0,1.0,1.0,1.0,1.0,1.0,1.0,1.0,1.0,0.36764422686514747,0.2806350931737292,0.21333333333333335,,,20926.5,945.0,10872.0,38.0,,,,,,False
SemIf-Qwen3.5-4B,main,RQ1a,pad_8192,300,0.007914797868579626,0.039660251237833434,1.0,1.0,1.0,1.0,1.0,1.0,1.0,1.0,1.0,1.0,1.0,1.0,0.0,0.0,0.0,1.0,1.6110374227752409,0.7625577134469472,0.3333333333333333,,,20926.5,1034.0,11209.0,0.0,194.92042542048293,411.80371567707664,97.69,134.31029304988382,False,False
Laya,main,RQ1a,pad_8192,300,4.937197081744671e-05,0.0017015138882858158,1.0,1.0,1.0,0.0033333333333333335,0.0,0.01,0.0,0.0,0.0,0.0,0.0,0.0,0.0,0.0,0.0,1.0,10.775044515685114,0.25141770536598596,0.49666666666666665,,,20926.5,852.0,nan,0.0,16.284394268743196,697.9026115175656,92.77,7.682141377894083,False,False
Qwen3.5-4B-JSON,reference,RQ1a,pad_8192,300,0.02434930414892733,0.16538000894285812,1.0,1.0,1.0,1.0,1.0,1.0,1.0,1.0,1.0,1.0,1.0,1.0,0.9733333333333334,0.9533333333333334,0.99,1.0,0.8622688198461631,0.18682491096666867,0.1,,,20926.5,514.0,10870.0,31.0,279.80277730675937,1291.397433723505,108.935,153.42401574429275,False,False
Rule,reference,RQ1a,pad_8192,300,0.0008949178736656904,0.0004559587818763722,0.0,0.0,0.0,0.0,0.0,0.0,0.0,0.0,0.0,0.0,0.0,0.0,0.0,0.0,0.0,1.0,859.9089113477495,57.32726075651664,0.88,,,20926.5,11.0,0.0,0.0,,,,,,False
Jev-1.13.0,main,RQ1a,pad_16384,300,0.05496728071011603,0.5349404893251769,1.0,1.0,1.0,1.0,1.0,1.0,1.0,1.0,1.0,0.11666666666666667,0.08333333333333333,0.15333333333333332,0.013333333333333334,0.0033333333333333335,0.02666666666666667,1.0,2.073227366143027,1.8935476610772979,0.013333333333333334,,,41749.0,740.0,22709.0,181.0,,,,,,False
DeepSeek-V4.1-Flash,main,RQ1a,pad_16384,300,0.16999417659826577,0.15494247434626482,1.0,1.0,1.0,1.0,1.0,1.0,1.0,1.0,1.0,1.0,1.0,1.0,0.06,0.03658333333333341,0.08666666666666667,1.0,1.434129233102993,1.395885786886913,0.0033333333333333335,,,41749.0,937.0,17659.0,25.0,,,,,,False
GLM-5.3-Flash,main,RQ1a,pad_16384,300,0.8289124169386923,2.5460854219071805,1.0,1.0,1.0,1.0,1.0,1.0,1.0,1.0,1.0,0.99,0.9766666666666667,1.0,0.99,0.9766666666666667,1.0,0.98,0.4724307313607183,0.4440848874790752,0.05,,,41749.0,937.0,17433.0,26.0,,,,,,False
Qwen3.8-Flash,main,RQ1a,pad_16384,300,0.6700896348338574,0.6413796007647966,1.0,1.0,1.0,1.0,1.0,1.0,1.0,1.0,1.0,1.0,1.0,1.0,1.0,1.0,1.0,1.0,0.31889247826153094,0.30613677913106974,0.0,,,41749.0,945.0,21535.0,38.0,,,,,,False
SemIf-Qwen3.5-4B,main,RQ1a,pad_16384,300,0.015602506464347243,0.03321381702563595,1.0,1.0,1.0,1.0,1.0,1.0,1.0,1.0,1.0,1.0,1.0,1.0,1.0,1.0,1.0,1.0,0.8533445239866327,0.41244985326020583,0.34,,,41749.0,1033.0,21871.5,0.0,378.82265125534934,783.7710025972744,97.69,264.21990712284645,False,False
Laya,main,RQ1a,pad_16384,300,0.0020149967167526484,0.010516643957185486,1.0,1.0,1.0,1.0,1.0,1.0,0.0033333333333333335,0.0,0.01,0.0,0.0,0.0,0.0,0.0,0.0,1.0,7.288474576364537,0.12147457627274229,0.5,,,41749.0,852.0,nan,0.0,20.444104962193965,1226.646297731638,92.77,7.756261304374537,False,False
Qwen3.5-4B-JSON,reference,RQ1a,pad_16384,300,0.024314178386703134,0.2194266166225782,1.0,1.0,1.0,1.0,1.0,1.0,1.0,1.0,1.0,1.0,1.0,1.0,1.0,1.0,1.0,1.0,0.6334687011640726,0.11402436620953307,0.12666666666666668,,,41749.0,514.0,21533.0,31.0,444.69955005027055,2470.5530558348364,108.935,272.7013522552967,False,False
Rule,reference,RQ1a,pad_16384,300,0.001776270568370819,0.0016434152956735888,0.0,0.0,0.0,0.0,0.0,0.0,0.0,0.0,0.0,0.0,0.0,0.0,0.0,0.0,0.0,1.0,386.8397954889334,25.789319699262226,0.88,,,41749.0,11.0,0.0,0.0,,,,,,False
Jev-1.13.0,main,RQ1b,k1,300,0.058356532361358404,0.06551131284416405,1.0,1.0,1.0,1.0,1.0,1.0,1.0,1.0,1.0,0.006666666666666667,0.0,0.016666666666666666,0.0,0.0,0.0,1.0,3.5074294625123557,3.3437494209284457,0.0033333333333333335,,,197.5,726.0,819.0,181.0,,,,,,False
DeepSeek-V4.1-Flash,main,RQ1b,k1,300,0.07437547971494496,1.1030526253373028,1.0,1.0,1.0,1.0,1.0,1.0,1.0,1.0,1.0,0.11666666666666667,0.08333333333333333,0.15333333333333332,0.016666666666666666,0.0033333333333333335,0.03333333333333333,1.0,1.8745433457833107,1.8495494345062,0.0,,,197.5,927.0,251.0,26.0,,,,,,False
GLM-5.3-Flash,main,RQ1b,k1,300,0.1460306979715824,0.17004977826795387,1.0,1.0,1.0,1.0,1.0,1.0,1.0,1.0,1.0,0.8766666666666667,0.84,0.9133333333333333,0.02666666666666667,0.01,0.04666666666666667,1.0,1.6046215819015832,1.57787788886989,0.006666666666666667,,,197.5,1086.0,252.0,34.0,,,,,,False
Qwen3.8-Flash,main,RQ1b,k1,300,0.30941731249913573,0.592663771991611,1.0,1.0,1.0,1.0,1.0,1.0,1.0,1.0,1.0,1.0,1.0,1.0,0.98,0.9633333333333334,0.9933333333333333,1.0,0.7033855757311068,0.6799393898734032,0.0,,,197.5,924.0,258.0,30.0,,,,,,False
SemIf-Qwen3.5-4B,main,RQ1b,k1,300,0.001002978882752359,0.017028910138769244,1.0,1.0,1.0,0.9966666666666667,0.99,1.0,0.02666666666666667,0.01,0.04666666666666667,0.0,0.0,0.0,0.0,0.0,0.0,1.0,8.124352372817576,4.820449074538428,0.03666666666666667,,,197.5,1031.0,593.0,0.0,22.28861170150439,37.565075901411895,97.69,10.297815483077368,False,False
Laya,main,RQ1b,k1,300,2.0782114006578922e-05,0.02314457680820954,0.9966666666666667,0.99,1.0,0.02666666666666667,0.01,0.04666666666666667,0.013333333333333334,0.0033333333333333335,0.02666666666666667,0.0,0.0,0.0,0.0,0.0,0.0,1.0,17.083537277109055,1.3666829821687243,0.16666666666666666,,,197.5,849.0,nan,0.0,6.582400155536333,82.28000194420416,92.77,1.194009263221422,False,False
Qwen3.5-4B-JSON,reference,RQ1b,k1,300,0.024999831919558346,0.031638329263029195,1.0,1.0,1.0,1.0,1.0,1.0,1.0,1.0,1.0,1.0,1.0,1.0,0.006666666666666667,0.0,0.016666666666666666,1.0,1.3089988904552015,0.5672328525305873,0.02,,,197.5,510.0,256.0,30.0,121.82690866655905,281.13901999975167,108.935,38.553000437247746,False,False
Rule,reference,RQ1b,k1,300,1.169741153717041e-05,2.0857560804436855e-05,0.0,0.0,0.0,0.0,0.0,0.0,0.0,0.0,0.0,0.0,0.0,0.0,0.0,0.0,0.0,1.0,48289.37706566551,3219.2918043777004,0.88,,,197.5,11.0,0.0,0.0,,,,,,False
Jev-1.13.0,main,RQ1b,k2,300,0.0507382086943835,0.052936458923096924,1.0,1.0,1.0,1.0,1.0,1.0,1.0,1.0,1.0,0.01,0.0,0.023333333333333334,0.0,0.0,0.0,1.0,3.48860667356923,3.1281173173004095,0.006666666666666667,,,434.5,1268.5,1420.0,359.0,,,,,,False
DeepSeek-V4.1-Flash,main,RQ1b,k2,300,0.061384625267237425,0.10336837096992642,1.0,1.0,1.0,1.0,1.0,1.0,1.0,1.0,1.0,0.14666666666666667,0.11,0.19,0.006666666666666667,0.0,0.016666666666666666,1.0,2.2579488102958596,2.175157353918345,0.0,,,434.5,1057.0,330.0,54.0,,,,,,False
GLM-5.3-Flash,main,RQ1b,k2,300,0.558736833743751,1.1719481280354245,1.0,1.0,1.0,1.0,1.0,1.0,1.0,1.0,1.0,1.0,1.0,1.0,0.43666666666666665,0.38,0.49333333333333335,0.9533333333333334,0.6874846027815138,0.6324858345589927,0.07,,,434.5,1297.0,331.0,72.0,,,,,,False
Qwen3.8-Flash,main,RQ1b,k2,300,0.5715710306540132,0.6376340407036655,1.0,1.0,1.0,1.0,1.0,1.0,1.0,1.0,1.0,1.0,1.0,1.0,1.0,1.0,1.0,1.0,0.5147354660579194,0.4649777043389872,0.0033333333333333335,,,434.5,1081.5,339.0,76.0,,,,,,False
SemIf-Qwen3.5-4B,main,RQ1b,k2,300,0.00202632078435272,0.060536574143998115,1.0,1.0,1.0,1.0,1.0,1.0,0.22,0.17333333333333334,0.26666666666666666,0.0,0.0,0.0,0.0,0.0,0.0,1.0,5.982816507003133,1.695131343650888,0.11333333333333333,,,434.5,1919.0,1190.0,0.0,34.02456206499736,120.08668964116715,97.69,17.73214950081508,False,False
Laya,main,RQ1b,k2,300,0.017748660873621702,0.05361707887530529,1.0,1.0,1.0,0.25,0.20333333333333334,0.3,0.06,0.03333333333333333,0.09,0.0,0.0,0.0,0.0,0.0,0.0,1.0,11.56321253349285,0.0,0.46,,,434.5,1513.0,nan,0.0,10.456615222815671,,92.77,2.4623150900721553,False,False
Qwen3.5-4B-JSON,reference,RQ1b,k2,300,0.05226434441283345,0.23952759216753847,1.0,1.0,1.0,1.0,1.0,1.0,1.0,1.0,1.0,1.0,1.0,1.0,1.0,1.0,1.0,1.0,0.8295729868095816,0.18527130038747322,0.14666666666666667,,,434.5,634.0,337.0,48.0,194.43316939557394,870.5962808757042,108.935,62.982031079733375,False,False
Rule,reference,RQ1b,k2,300,1.3312557712197304e-05,2.778214918885665e-05,0.0,0.0,0.0,0.0,0.0,0.0,0.0,0.0,0.0,0.0,0.0,0.0,0.0,0.0,0.0,1.0,24137.923718859405,321.8389829181254,0.97,,,434.5,11.0,0.0,0.0,,,,,,False
Jev-1.13.0,main,RQ1b,k4,300,0.052587655605748296,0.061496708934189286,1.0,1.0,1.0,1.0,1.0,1.0,1.0,1.0,1.0,0.013333333333333334,0.0033333333333333335,0.02666666666666667,0.0,0.0,0.0,1.0,3.436613191649616,2.9211212129021735,0.013333333333333334,,,861.0,2344.0,2583.5,715.0,,,,,,False
DeepSeek-V4.1-Flash,main,RQ1b,k4,300,0.05909596965648234,0.0870810610773446,1.0,1.0,1.0,1.0,1.0,1.0,1.0,1.0,1.0,0.5066666666666667,0.45,0.5633333333333334,0.0033333333333333335,0.0,0.01,1.0,1.9301366049321598,1.8143284086362303,0.006666666666666667,,,861.0,1295.0,421.0,101.0,,,,,,False
GLM-5.3-Flash,main,RQ1b,k4,300,0.3885510414838791,0.6124813357323792,1.0,1.0,1.0,1.0,1.0,1.0,1.0,1.0,1.0,1.0,1.0,1.0,0.7166666666666667,0.6666666666666666,0.7666666666666667,1.0,0.7892660772279614,0.7366483387460974,0.043333333333333335,,,861.0,1682.0,421.0,137.0,,,,,,False
Qwen3.8-Flash,main,RQ1b,k4,300,0.616266073891893,0.5087620529680451,1.0,1.0,1.0,1.0,1.0,1.0,1.0,1.0,1.0,1.0,1.0,1.0,1.0,1.0,1.0,1.0,0.3877496683452914,0.3593146926666367,0.01,,,861.0,1338.0,430.0,140.0,,,,,,False
SemIf-Qwen3.5-4B,main,RQ1b,k4,300,0.08806545252446085,0.07581104911414965,1.0,1.0,1.0,1.0,1.0,1.0,0.37666666666666665,0.3233333333333333,0.43333333333333335,0.01,0.0,0.023333333333333334,0.0,0.0,0.0,1.0,4.268901199465027,0.19921538930836794,0.31666666666666665,,,861.0,3687.0,2344.0,0.0,57.13034224003951,1224.221619429418,97.69,34.255577480204906,False,False
Laya,main,RQ1b,k4,300,0.08229372464120388,0.04827843931337234,1.0,1.0,1.0,0.31,0.26,0.36333333333333334,0.05,0.02666666666666667,0.07666666666666666,0.0,0.0,0.0,0.0,0.0,0.0,1.0,9.619462206503144,0.0,0.55,,,861.0,2845.0,nan,0.0,17.175060428464413,,92.77,7.581405516954263,False,False
Qwen3.5-4B-JSON,reference,RQ1b,k4,300,0.07590383570641279,0.3344976222459783,1.0,1.0,1.0,1.0,1.0,1.0,1.0,1.0,1.0,1.0,1.0,1.0,1.0,1.0,1.0,1.0,0.45071221600566924,0.02403798485363569,0.31666666666666665,,,861.0,862.5,428.0,91.0,358.3394480949521,6718.864651780352,108.935,116.57782389356692,False,False
Rule,reference,RQ1b,k4,300,2.0051375031471252e-05,2.7843608629122602e-05,0.0,0.0,0.0,0.0,0.0,0.0,0.0,0.0,0.0,0.0,0.0,0.0,0.0,0.0,0.0,1.0,13238.766164312372,0.0,1.0,,,861.0,11.0,0.0,0.0,,,,,,False
Jev-1.13.0,main,RQ1b,k8,300,0.04754126979969442,0.049796409686428234,1.0,1.0,1.0,1.0,1.0,1.0,1.0,1.0,1.0,0.0033333333333333335,0.0,0.01,0.0,0.0,0.0,1.0,3.297364677814801,2.363111352433941,0.03,,,1750.5,4482.5,4910.0,1427.0,,,,,,False
DeepSeek-V4.1-Flash,main,RQ1b,k8,300,0.2998959587421268,0.7868964601167079,1.0,1.0,1.0,1.0,1.0,1.0,1.0,1.0,1.0,1.0,1.0,1.0,0.28,0.23,0.33,1.0,0.9691949415800282,0.8593528482009583,0.01,,,1750.5,1761.0,601.0,196.0,,,,,,False
GLM-5.3-Flash,main,RQ1b,k8,300,0.5523716663010418,0.7836956568556909,1.0,1.0,1.0,1.0,1.0,1.0,1.0,1.0,1.0,1.0,1.0,1.0,0.9833333333333333,0.9666666666666667,0.9966666666666667,1.0,0.5768267657516832,0.4999165303181255,0.06333333333333334,,,1750.5,2295.0,600.0,262.0,,,,,,False
Qwen3.8-Flash,main,RQ1b,k8,300,0.9772086776793003,0.8553101765549559,1.0,1.0,1.0,1.0,1.0,1.0,1.0,1.0,1.0,1.0,1.0,1.0,1.0,1.0,1.0,1.0,0.2538836944074725,0.22341765107857578,0.01,,,1750.5,1812.0,612.5,215.0,,,,,,False
SemIf-Qwen3.5-4B,main,RQ1b,k8,300,0.10601249802857637,0.22581510375990924,1.0,1.0,1.0,1.0,1.0,1.0,1.0,1.0,1.0,0.18333333333333332,0.14,0.22666666666666666,0.02666666666666667,0.01,0.04666666666666667,1.0,2.2429045839163986,0.007476348613054662,0.67,,,1750.5,7224.5,4649.5,0.0,109.63384547359945,32890.15364207984,97.69,66.13997806883654,False,False
Laya,main,RQ1b,k8,300,0.053978287149220705,0.0329161864861337,1.0,1.0,1.0,0.9966666666666667,0.99,1.0,0.14333333333333334,0.10333333333333333,0.18333333333333332,0.0,0.0,0.0,0.0,0.0,0.0,1.0,6.084307061147281,0.0,0.52,,,1750.5,5512.0,nan,0.0,40.69675521835486,,92.77,25.347031014815965,False,False
Qwen3.5-4B-JSON,reference,RQ1b,k8,300,0.1769129029707983,0.893804555028435,1.0,1.0,1.0,1.0,1.0,1.0,1.0,1.0,1.0,1.0,1.0,1.0,1.0,1.0,1.0,1.0,0.2207945411666614,0.004415890823333228,0.37333333333333335,,,1750.5,1318.5,610.5,178.0,731.884314301908,36594.2157150954,108.935,238.36954768736362,False,False
Rule,reference,RQ1b,k8,300,2.7687055990099907e-05,3.110318670892547e-05,0.0,0.0,0.0,0.0,0.0,0.0,0.0,0.0,0.0,0.0,0.0,0.0,0.0,0.0,0.0,1.0,6923.469363213288,0.0,1.0,,,1750.5,11.0,0.0,0.0,,,,,,False
Jev-1.13.0,main,RQ2,clean,300,0.06415739632211626,0.06824324465781974,1.0,1.0,1.0,1.0,1.0,1.0,1.0,1.0,1.0,0.006666666666666667,0.0,0.016666666666666666,0.0033333333333333335,0.0,0.01,1.0,3.501115670248638,3.3260598867362057,0.0033333333333333335,,,186.5,728.5,815.0,181.0,,,,,,False
DeepSeek-V4.1-Flash,main,RQ2,clean,300,0.10431910352781415,0.18351668590252143,1.0,1.0,1.0,1.0,1.0,1.0,1.0,1.0,1.0,0.19,0.14666666666666667,0.23666666666666666,0.016666666666666666,0.0033333333333333335,0.03333333333333333,1.0,2.2203121544177256,2.1907079923588224,0.0033333333333333335,,,186.5,927.0,247.0,26.0,,,,,,False
GLM-5.3-Flash,main,RQ2,clean,300,0.4428897500038147,0.8358971748758836,1.0,1.0,1.0,1.0,1.0,1.0,1.0,1.0,1.0,0.98,0.9633333333333334,0.9933333333333333,0.2633333333333333,0.21333333333333335,0.31333333333333335,1.0,0.9367142399622869,0.9304694783625383,0.0033333333333333335,,,186.5,1115.0,248.0,35.0,,,,,,False
Qwen3.8-Flash,main,RQ2,clean,300,0.6894001874607056,1.7849285441401428,1.0,1.0,1.0,1.0,1.0,1.0,1.0,1.0,1.0,1.0,1.0,1.0,0.9966666666666667,0.99,1.0,0.9966666666666667,0.51339607534533,0.4928602323315168,0.0033333333333333335,,,186.5,925.0,254.0,30.0,,,,,,False
SemIf-Qwen3.5-4B,main,RQ2,clean,300,0.0009701683884486556,0.0012898515102863768,1.0,1.0,1.0,1.0,1.0,1.0,0.0,0.0,0.0,0.0,0.0,0.0,0.0,0.0,0.0,1.0,8.22792257521202,5.265870448135693,0.08,,,186.5,1031.0,589.0,0.0,22.50289119151433,35.16076748674114,97.69,10.707800551764167,False,False
Laya,main,RQ2,clean,300,1.446541864424944e-05,0.0027044894992044803,0.9933333333333333,0.9833333333333333,1.0,0.0,0.0,0.0,0.0,0.0,0.0,0.0,0.0,0.0,0.0,0.0,0.0,1.0,18.29449721734542,2.012394693907996,0.14333333333333334,,,186.5,849.0,nan,0.0,6.077592472136021,55.25084065578201,92.77,1.0463661447008454,False,False
Qwen3.5-4B-JSON,reference,RQ2,clean,300,0.04296036995947361,0.031169978281476624,1.0,1.0,1.0,1.0,1.0,1.0,1.0,1.0,1.0,1.0,1.0,1.0,0.0,0.0,0.0,1.0,1.3108953318079035,0.6292297592677937,0.05333333333333334,,,186.5,511.0,252.0,30.0,123.27844019124905,256.83008373176887,108.935,40.1007578301231,False,False
Rule,reference,RQ2,clean,300,1.0781455785036087e-05,2.2407239808735438e-05,0.0,0.0,0.0,0.0,0.0,0.0,0.0,0.0,0.0,0.0,0.0,0.0,0.0,0.0,0.0,1.0,49106.17276723565,3273.744851149044,0.88,,,186.5,11.0,0.0,0.0,,,,,,False
Jev-1.13.0,main,RQ2,codeswitch,300,0.058607573388144374,0.06083153374312972,1.0,1.0,1.0,1.0,1.0,1.0,1.0,1.0,1.0,0.0033333333333333335,0.0,0.01,0.0033333333333333335,0.0,0.01,1.0,3.461757844887837,3.18481721729681,0.006666666666666667,,,172.0,731.0,817.0,181.0,,,,,,False
DeepSeek-V4.1-Flash,main,RQ2,codeswitch,300,0.18690230161882937,0.7294538495671716,1.0,1.0,1.0,1.0,1.0,1.0,1.0,1.0,1.0,0.4633333333333333,0.4066666666666667,0.52,0.06,0.03333333333333333,0.09,1.0,1.5089614851916078,1.483812127105081,0.01,,,172.0,930.0,248.0,25.5,,,,,,False
GLM-5.3-Flash,main,RQ2,codeswitch,300,0.36433639633469284,0.8466775956338995,1.0,1.0,1.0,1.0,1.0,1.0,1.0,1.0,1.0,0.9366666666666666,0.9066666666666666,0.9633333333333334,0.22666666666666666,0.18,0.27666666666666667,1.0,0.9631683994613771,0.9278522248144601,0.03,,,172.0,1130.5,248.0,36.0,,,,,,False
Qwen3.8-Flash,main,RQ2,codeswitch,300,0.42531981226056814,0.7206443228287898,1.0,1.0,1.0,1.0,1.0,1.0,1.0,1.0,1.0,1.0,1.0,1.0,0.9933333333333333,0.9833333333333333,1.0,1.0,0.6257635411193023,0.6028188779449279,0.006666666666666667,,,172.0,930.0,253.0,31.0,,,,,,False
SemIf-Qwen3.5-4B,main,RQ2,codeswitch,300,0.0009482974419370294,0.005243826528356721,0.9966666666666667,0.99,1.0,0.99,0.9766666666666667,1.0,0.0,0.0,0.0,0.0,0.0,0.0,0.0,0.0,0.0,0.9966666666666667,8.29231153523209,4.33964303677146,0.19,,,172.0,1030.0,588.0,0.0,22.713834652908645,43.40223182084454,97.69,10.682008658083282,False,False
Laya,main,RQ2,codeswitch,300,1.759373117238283e-05,0.024576597505079362,0.9966666666666667,0.99,1.0,0.023333333333333334,0.006666666666666667,0.04,0.0033333333333333335,0.0,0.01,0.0,0.0,0.0,0.0,0.0,0.0,1.0,17.24685096582187,1.1497900643881247,0.16,,,172.0,850.0,nan,0.0,6.382663010625046,95.73994515937568,92.77,1.0016938439408947,False,False
Qwen3.5-4B-JSON,reference,RQ2,codeswitch,300,0.04331239976454526,0.03451385341304162,1.0,1.0,1.0,1.0,1.0,1.0,1.0,1.0,1.0,1.0,1.0,1.0,0.0033333333333333335,0.0,0.01,1.0,1.2941031532025222,0.681560994019995,0.06666666666666667,,,172.0,512.0,251.0,30.0,124.86919877992075,237.0934154049128,108.935,40.57892699160577,False,False
Rule,reference,RQ2,codeswitch,300,8.843373507261276e-06,2.335488033962926e-05,0.0,0.0,0.0,0.0,0.0,0.0,0.0,0.0,0.0,0.0,0.0,0.0,0.0,0.0,0.0,1.0,49395.26050304194,493.9526050304194,0.94,,,172.0,11.0,0.0,0.0,,,,,,False
Jev-1.13.0,main,RQ2,colloquial,300,0.060502572916448116,0.056325926879939585,1.0,1.0,1.0,1.0,1.0,1.0,1.0,1.0,1.0,0.013333333333333334,0.0033333333333333335,0.02666666666666667,0.0,0.0,0.0,1.0,3.5384797470168143,3.314376029705749,0.02,,,182.5,731.0,816.0,181.0,,,,,,False
DeepSeek-V4.1-Flash,main,RQ2,colloquial,300,0.08479578117839992,0.19652973580799313,1.0,1.0,1.0,1.0,1.0,1.0,1.0,1.0,1.0,0.15,0.11,0.19333333333333333,0.01,0.0,0.023333333333333334,1.0,2.275169792387976,2.252418094464096,0.0033333333333333335,,,182.5,924.0,250.0,25.0,,,,,,False
GLM-5.3-Flash,main,RQ2,colloquial,300,0.1934200630057603,0.40444916274788173,1.0,1.0,1.0,1.0,1.0,1.0,1.0,1.0,1.0,0.9866666666666667,0.9733333333333334,0.9966666666666667,0.13333333333333333,0.09666666666666666,0.17333333333333334,1.0,1.1969559214659702,1.1690269499650976,0.023333333333333334,,,182.5,1128.0,251.0,36.0,,,,,,False
Qwen3.8-Flash,main,RQ2,colloquial,300,0.9555472494103014,1.2232884880060928,1.0,1.0,1.0,1.0,1.0,1.0,1.0,1.0,1.0,1.0,1.0,1.0,1.0,1.0,1.0,1.0,0.4678638105696561,0.44758971211163767,0.0,,,182.5,925.0,257.0,30.0,,,,,,False
SemIf-Qwen3.5-4B,main,RQ2,colloquial,300,0.0010004977229982615,0.017298986738396218,1.0,1.0,1.0,0.9966666666666667,0.99,1.0,0.013333333333333334,0.0033333333333333335,0.02666666666666667,0.0,0.0,0.0,0.0,0.0,0.0,1.0,8.131999006899415,4.065999503449707,0.11666666666666667,,,182.5,1030.0,592.0,0.0,23.196241781361902,46.392483562723804,97.69,11.196653479083384,False,False
Laya,main,RQ2,colloquial,300,1.7455313354730606e-05,0.006098901522503678,0.9966666666666667,0.99,1.0,0.0033333333333333335,0.0,0.01,0.0,0.0,0.0,0.0,0.0,0.0,0.0,0.0,0.0,1.0,18.15226214526142,1.7547186740419376,0.09333333333333334,,,182.5,849.0,nan,0.0,5.908195457605522,61.119263354539875,92.77,0.8958323233962066,False,False
Qwen3.5-4B-JSON,reference,RQ2,colloquial,300,0.04204123979434371,0.0397978350467015,1.0,1.0,1.0,1.0,1.0,1.0,1.0,1.0,1.0,1.0,1.0,1.0,0.0033333333333333335,0.0,0.01,1.0,1.3075740855868923,0.5404639553759155,0.08,,,182.5,511.0,255.0,30.0,124.3530785121401,300.85422220679055,108.935,40.56935438032546,False,False
Rule,reference,RQ2,colloquial,300,1.0145362466573715e-05,2.3980291280065098e-05,0.0,0.0,0.0,0.0,0.0,0.0,0.0,0.0,0.0,0.0,0.0,0.0,0.0,0.0,0.0,1.0,51859.33487210026,2420.1022940313455,0.9233333333333333,,,182.5,11.0,0.0,0.0,,,,,,False
Jev-1.13.0,main,RQ2,defaultbait,300,0.049411488231271505,0.06519360354102248,1.0,1.0,1.0,1.0,1.0,1.0,1.0,1.0,1.0,0.013333333333333334,0.0033333333333333335,0.02666666666666667,0.0,0.0,0.0,1.0,3.6158851673231975,2.2056899520671505,0.06666666666666667,,,233.0,735.0,821.0,180.0,,,,,,False
DeepSeek-V4.1-Flash,main,RQ2,defaultbait,300,0.054213999304920435,0.06711552255378511,1.0,1.0,1.0,1.0,1.0,1.0,1.0,1.0,1.0,0.04666666666666667,0.02666666666666667,0.07,0.0,0.0,0.0,1.0,2.61318324181082,1.3849871181597346,0.016666666666666666,,,233.0,922.0,254.0,25.0,,,,,,False
GLM-5.3-Flash,main,RQ2,defaultbait,300,0.43117177090607584,0.9807660353685632,1.0,1.0,1.0,1.0,1.0,1.0,1.0,1.0,1.0,0.9966666666666667,0.99,1.0,0.32,0.26666666666666666,0.37333333333333335,1.0,0.8692255408580255,0.5678940200272433,0.056666666666666664,,,233.0,1188.5,254.0,43.0,,,,,,False
Qwen3.8-Flash,main,RQ2,defaultbait,300,0.31232425989583135,0.4656978218007857,1.0,1.0,1.0,1.0,1.0,1.0,1.0,1.0,1.0,1.0,1.0,1.0,0.98,0.9633333333333334,0.9933333333333333,1.0,0.7118446274597745,0.334566974906094,0.05,,,233.0,925.0,260.5,30.0,,,,,,False
SemIf-Qwen3.5-4B,main,RQ2,defaultbait,300,0.0009968819795176387,0.00366197594617812,1.0,1.0,1.0,0.9966666666666667,0.99,1.0,0.0,0.0,0.0,0.0,0.0,0.0,0.0,0.0,0.0,1.0,8.236081833723956,3.0198966723654506,0.19333333333333333,,,233.0,1030.0,595.5,0.0,23.116052894183,63.04378062049909,97.69,11.320962254432839,False,False
Laya,main,RQ2,defaultbait,300,1.5992089174687862e-05,0.006421332582993522,0.9933333333333333,0.9833333333333333,1.0,0.0033333333333333335,0.0,0.01,0.0,0.0,0.0,0.0,0.0,0.0,0.0,0.0,0.0,1.0,18.191017806693708,1.1520977944239348,0.18666666666666668,,,233.0,851.0,nan,0.0,5.947115633245309,93.90182578808383,92.77,0.9038291951934495,False,False
Qwen3.5-4B-JSON,reference,RQ2,defaultbait,300,0.023051854805089533,0.022314127120901164,1.0,1.0,1.0,1.0,1.0,1.0,1.0,1.0,1.0,1.0,1.0,1.0,0.0,0.0,0.0,1.0,1.3196691872580228,0.3651084751413863,0.09333333333333334,,,233.0,510.0,258.5,30.0,122.32063103954395,442.12276279353233,108.935,39.667289147162435,False,False
Rule,reference,RQ2,defaultbait,300,1.0136282071471214e-05,2.0130351418457375e-05,0.0,0.0,0.0,0.0,0.0,0.0,0.0,0.0,0.0,0.0,0.0,0.0,0.0,0.0,0.0,1.0,46006.97771738525,2300.3488858692626,0.93,,,233.0,11.0,0.0,0.0,,,,,,False
Jev-1.13.0,main,RQ2,keyvalue,300,0.06628678110428154,0.07867279095619924,1.0,1.0,1.0,1.0,1.0,1.0,1.0,1.0,1.0,0.023333333333333334,0.006666666666666667,0.04,0.0033333333333333335,0.0,0.01,1.0,3.3694922954583992,3.133627834776311,0.02666666666666667,,,123.0,732.0,803.0,181.0,,,,,,False
DeepSeek-V4.1-Flash,main,RQ2,keyvalue,300,0.11552456277422607,0.16146120114474674,1.0,1.0,1.0,1.0,1.0,1.0,1.0,1.0,1.0,0.22333333333333333,0.17666666666666667,0.27,0.01,0.0,0.023333333333333334,1.0,2.2187087447978553,2.189125961533884,0.006666666666666667,,,123.0,926.0,236.5,25.0,,,,,,False
GLM-5.3-Flash,main,RQ2,keyvalue,300,0.7316574468277395,2.435144873346003,1.0,1.0,1.0,1.0,1.0,1.0,1.0,1.0,1.0,0.9966666666666667,0.99,1.0,0.42,0.36658333333333337,0.4766666666666667,1.0,0.6888480306533342,0.6704787498359119,0.013333333333333334,,,123.0,1115.0,237.0,35.0,,,,,,False
Qwen3.8-Flash,main,RQ2,keyvalue,300,0.31438263365998864,0.6066742654073085,1.0,1.0,1.0,1.0,1.0,1.0,1.0,1.0,1.0,1.0,1.0,1.0,0.94,0.9133333333333333,0.9666666666666667,1.0,0.7175301346533306,0.6816536279206641,0.006666666666666667,,,123.0,924.0,243.0,29.0,,,,,,False
SemIf-Qwen3.5-4B,main,RQ2,keyvalue,300,4.2181811295449734e-05,0.017476508464996085,1.0,1.0,1.0,0.9966666666666667,0.99,1.0,0.013333333333333334,0.0033333333333333335,0.02666666666666667,0.0,0.0,0.0,0.0,0.0,0.0,1.0,8.073151004705617,4.951532616219445,0.14666666666666667,,,123.0,1030.0,580.0,0.0,23.31551380270322,38.01442467832047,97.69,11.259916511813799,False,False
Laya,main,RQ2,keyvalue,300,1.886265818029642e-05,0.03412322762572173,0.9966666666666667,0.99,1.0,0.013333333333333334,0.0033333333333333335,0.02666666666666667,0.006666666666666667,0.0,0.016666666666666666,0.0033333333333333335,0.0,0.01,0.0,0.0,0.0,1.0,17.19287375266869,1.8912161127935556,0.13666666666666666,,,123.0,851.0,nan,0.0,6.117976386328539,55.61796714844126,92.77,0.7657658258636798,False,False
Qwen3.5-4B-JSON,reference,RQ2,keyvalue,300,0.04394007846713066,0.04187613592866999,1.0,1.0,1.0,1.0,1.0,1.0,1.0,1.0,1.0,1.0,1.0,1.0,0.0033333333333333335,0.0,0.01,1.0,1.3108368673072732,0.7996104890574367,0.05333333333333334,,,123.0,511.0,241.0,30.0,122.97015171024798,201.59041263975078,108.935,39.83277523471115,False,False
Rule,reference,RQ2,keyvalue,300,7.67875462770462e-06,2.7551250571060033e-05,0.0,0.0,0.0,0.0,0.0,0.0,0.0,0.0,0.0,0.0,0.0,0.0,0.0,0.0,0.0,1.0,62584.09884525751,2920.5912794453507,0.94,,,123.0,11.0,0.0,0.0,,,,,,False
Jev-1.13.0,main,RQ2,negation,300,0.06970144808292389,0.13239167996931364,1.0,1.0,1.0,1.0,1.0,1.0,1.0,1.0,1.0,0.04666666666666667,0.023333333333333334,0.07333333333333333,0.006666666666666667,0.0,0.016666666666666666,1.0,3.195614503301899,2.9506173913820866,0.02,,,216.5,732.0,821.0,181.0,,,,,,False
DeepSeek-V4.1-Flash,main,RQ2,negation,300,0.06393456156365573,0.15673111485928745,1.0,1.0,1.0,1.0,1.0,1.0,1.0,1.0,1.0,0.11,0.07666666666666666,0.14666666666666667,0.013333333333333334,0.0033333333333333335,0.02666666666666667,1.0,2.402553630951591,2.3384855341262156,0.02,,,216.5,924.0,254.0,25.0,,,,,,False
GLM-5.3-Flash,main,RQ2,negation,300,0.4656524686142802,2.7904705849998566,1.0,1.0,1.0,1.0,1.0,1.0,1.0,1.0,1.0,0.9733333333333334,0.9533333333333334,0.99,0.31666666666666665,0.2633333333333333,0.37,0.9633333333333334,0.6705832144418422,0.6102307251420764,0.08,,,216.5,1132.0,254.0,36.0,,,,,,False
Qwen3.8-Flash,main,RQ2,negation,300,0.49754703184589744,0.6273498676880429,1.0,1.0,1.0,1.0,1.0,1.0,1.0,1.0,1.0,1.0,1.0,1.0,1.0,1.0,1.0,1.0,0.5906421447404618,0.5650476518017085,0.0033333333333333335,,,216.5,927.0,261.0,30.0,,,,,,False
SemIf-Qwen3.5-4B,main,RQ2,negation,300,0.0009846007451415062,0.007574256708700825,1.0,1.0,1.0,0.9966666666666667,0.99,1.0,0.006666666666666667,0.0,0.016666666666666666,0.0,0.0,0.0,0.0,0.0,0.0,1.0,8.21658571447291,4.272624571525913,0.15666666666666668,,,216.5,1031.0,596.0,0.0,23.200935093045235,44.617182871240836,97.69,11.405844530932107,False,False
Laya,main,RQ2,negation,300,0.0009137262823060155,0.013195123416077356,0.9933333333333333,0.9833333333333333,1.0,0.006666666666666667,0.0,0.016666666666666666,0.006666666666666667,0.0,0.016666666666666666,0.0,0.0,0.0,0.0,0.0,0.0,1.0,17.848850622295995,1.6063965560066393,0.10333333333333333,,,216.5,850.0,nan,0.0,6.1097256030281395,67.88584003364599,92.77,0.8607990101059287,False,False
Qwen3.5-4B-JSON,reference,RQ2,negation,300,0.04392813995946199,0.032779583552354545,1.0,1.0,1.0,1.0,1.0,1.0,1.0,1.0,1.0,1.0,1.0,1.0,0.0,0.0,0.0,1.0,1.3086285905241852,0.567072389227147,0.08,,,216.5,511.0,259.0,30.0,123.79576157117286,285.68252670270664,108.935,40.51568028649885,False,False
Rule,reference,RQ2,negation,300,1.1249445378780365e-05,2.5193350890133082e-05,0.0,0.0,0.0,0.0,0.0,0.0,0.0,0.0,0.0,0.0,0.0,0.0,0.0,0.0,0.0,1.0,46169.58937024273,2924.0739934487056,0.8566666666666667,,,216.5,11.0,0.0,0.0,,,,,,False
Jev-1.13.0,main,RQ2,noise,300,0.06769797950983047,0.06268559992483905,1.0,1.0,1.0,1.0,1.0,1.0,1.0,1.0,1.0,0.013333333333333334,0.0033333333333333335,0.02666666666666667,0.0,0.0,0.0,1.0,3.3550605737594474,3.120206333596286,0.006666666666666667,,,185.5,730.0,814.0,181.0,,,,,,False
DeepSeek-V4.1-Flash,main,RQ2,noise,300,0.056629959028214216,0.23718055831121718,1.0,1.0,1.0,1.0,1.0,1.0,1.0,1.0,1.0,0.12333333333333334,0.08666666666666667,0.16333333333333333,0.02,0.006666666666666667,0.03666666666666667,1.0,2.357168154169317,2.2864531095442375,0.0033333333333333335,,,185.5,925.0,247.0,26.0,,,,,,False
GLM-5.3-Flash,main,RQ2,noise,300,0.3940384585876018,0.7714640589805772,1.0,1.0,1.0,1.0,1.0,1.0,1.0,1.0,1.0,0.95,0.9233333333333333,0.9733333333333334,0.24,0.19333333333333333,0.29,0.9733333333333334,0.9983066407129003,0.9317528646653735,0.04666666666666667,,,185.5,1122.0,248.0,36.0,,,,,,False
Qwen3.8-Flash,main,RQ2,noise,300,0.5137508646585047,0.6053839715570088,1.0,1.0,1.0,1.0,1.0,1.0,1.0,1.0,1.0,1.0,1.0,1.0,0.9933333333333333,0.9833333333333333,1.0,1.0,0.591447366969608,0.5599035073978956,0.0033333333333333335,,,185.5,925.0,254.0,30.0,,,,,,False
SemIf-Qwen3.5-4B,main,RQ2,noise,300,0.0010065239621326327,0.006885848291460503,1.0,1.0,1.0,0.9966666666666667,0.99,1.0,0.0033333333333333335,0.0,0.01,0.0,0.0,0.0,0.0,0.0,0.0,1.0,8.286202187500194,4.612652551041775,0.13333333333333333,,,185.5,1030.0,590.0,0.0,23.218879287803176,41.710561594856,97.69,11.489241017615797,False,False
Laya,main,RQ2,noise,300,2.0043691620230675e-05,0.006293459389589681,0.9966666666666667,0.99,1.0,0.0033333333333333335,0.0,0.01,0.0,0.0,0.0,0.0,0.0,0.0,0.0,0.0,0.0,1.0,18.138558049133813,1.753393944749602,0.16333333333333333,,,185.5,850.0,nan,0.0,5.894383274070422,60.97637869728023,92.77,0.8198642475287125,False,False
Qwen3.5-4B-JSON,reference,RQ2,noise,300,0.044956043479032815,0.03374211521158023,1.0,1.0,1.0,1.0,1.0,1.0,1.0,1.0,1.0,1.0,1.0,1.0,0.0,0.0,0.0,1.0,1.307602383126044,0.6058557708484004,0.07333333333333333,,,185.5,511.0,252.0,30.0,123.83816383646726,267.2766125966919,108.935,40.41755645789304,False,False
Rule,reference,RQ2,noise,300,1.0082963854074478e-05,2.061687691190143e-05,0.0,0.0,0.0,0.0,0.0,0.0,0.0,0.0,0.0,0.0,0.0,0.0,0.0,0.0,0.0,1.0,49807.36324266688,2822.4172504177895,0.8933333333333333,,,185.5,11.0,0.0,0.0,,,,,,False
Jev-1.13.0,main,RQ2,revised,300,0.059481542091816664,0.07273315276665615,1.0,1.0,1.0,1.0,1.0,1.0,1.0,1.0,1.0,0.013333333333333334,0.0033333333333333335,0.02666666666666667,0.0,0.0,0.0,1.0,3.3990727415442183,3.217788861995193,0.016666666666666666,,,233.5,731.0,822.0,181.0,,,,,,False
DeepSeek-V4.1-Flash,main,RQ2,revised,300,0.11366416607052088,0.15600117679556286,1.0,1.0,1.0,1.0,1.0,1.0,1.0,1.0,1.0,0.21333333333333335,0.16666666666666666,0.26,0.013333333333333334,0.0033333333333333335,0.02666666666666667,1.0,2.24610961542581,2.223648519271552,0.0,,,233.5,924.0,255.0,25.0,,,,,,False
GLM-5.3-Flash,main,RQ2,revised,300,0.4853650419972837,2.13613929038586,1.0,1.0,1.0,1.0,1.0,1.0,1.0,1.0,1.0,0.98,0.9633333333333334,0.9933333333333333,0.36333333333333334,0.31,0.4166666666666667,1.0,0.7426831464603157,0.7179270415783052,0.02,,,233.5,1134.0,256.0,37.0,,,,,,False
Qwen3.8-Flash,main,RQ2,revised,300,0.4898590419907123,0.6770434807666854,1.0,1.0,1.0,1.0,1.0,1.0,1.0,1.0,1.0,1.0,1.0,1.0,0.99,0.9766666666666667,1.0,1.0,0.6050253605965129,0.5969583557885595,0.0,,,233.5,930.0,262.0,30.0,,,,,,False
SemIf-Qwen3.5-4B,main,RQ2,revised,300,0.0010023592039942741,0.009228731042443766,1.0,1.0,1.0,0.9966666666666667,0.99,1.0,0.0033333333333333335,0.0,0.01,0.0,0.0,0.0,0.0,0.0,0.0,1.0,8.18125101916901,4.308792203429012,0.09,,,233.5,1029.0,597.0,0.0,23.479692069264257,44.58169380240049,97.69,11.554348142762981,False,False
Laya,main,RQ2,revised,300,1.6521429643034935e-05,0.01339774065800404,0.9966666666666667,0.99,1.0,0.01,0.0,0.023333333333333334,0.0033333333333333335,0.0,0.01,0.0,0.0,0.0,0.0,0.0,0.0,1.0,17.79945106597655,1.4239560852781243,0.15333333333333332,,,233.5,851.0,nan,0.0,6.010169996583461,75.12712495729328,92.77,0.8738042886296906,False,False
Qwen3.5-4B-JSON,reference,RQ2,revised,300,0.043149873497895896,0.07822380774380557,1.0,1.0,1.0,1.0,1.0,1.0,1.0,1.0,1.0,1.0,1.0,1.0,0.04666666666666667,0.023333333333333334,0.07333333333333333,1.0,1.2640856653311234,0.6446836893188729,0.06,,,233.5,512.0,260.0,30.0,142.40355477022726,279.2226564122103,108.935,56.13538640230892,False,False
Rule,reference,RQ2,revised,300,1.1258991435170174e-05,2.454308104256139e-05,0.0,0.0,0.0,0.0,0.0,0.0,0.0,0.0,0.0,0.0,0.0,0.0,0.0,0.0,0.0,1.0,44909.29921301997,898.1859842603993,0.94,,,233.5,11.0,0.0,0.0,,,,,,False
Jev-1.13.0,main,RQ3,F4_low,300,0.05997463618405163,0.4050720294456688,1.0,1.0,1.0,1.0,1.0,1.0,1.0,1.0,1.0,0.023333333333333334,0.006666666666666667,0.043333333333333335,0.013333333333333334,0.0033333333333333335,0.02666666666666667,1.0,3.0283252463754704,2.796153644153351,0.023333333333333334,,,184.0,728.0,813.0,180.0,,,,,,False
DeepSeek-V4.1-Flash,main,RQ3,F4_low,300,0.1468358850106597,0.1276019383166208,1.0,1.0,1.0,1.0,1.0,1.0,1.0,1.0,1.0,0.31,0.26,0.36333333333333334,0.01,0.0,0.023333333333333334,1.0,2.1311136183670247,2.0955950580609075,0.016666666666666666,,,184.0,927.0,247.0,26.0,,,,,,False
GLM-5.3-Flash,main,RQ3,F4_low,300,0.9320492295082659,2.11408364532268,1.0,1.0,1.0,1.0,1.0,1.0,1.0,1.0,1.0,0.9566666666666667,0.9333333333333333,0.9766666666666667,0.48,0.42333333333333334,0.5366666666666666,0.9466666666666667,0.6979618229589712,0.6258391012532108,0.10333333333333333,,,184.0,1113.0,247.5,35.5,,,,,,False
Qwen3.8-Flash,main,RQ3,F4_low,300,0.28810039535164833,0.34243341317095843,1.0,1.0,1.0,1.0,1.0,1.0,1.0,1.0,1.0,1.0,1.0,1.0,0.9733333333333334,0.9533333333333334,0.99,1.0,0.7405308240056289,0.728188643605535,0.0,,,184.0,924.0,254.0,29.0,,,,,,False
SemIf-Qwen3.5-4B,main,RQ3,F4_low,300,1.9080587662756443e-05,0.0017907296270164765,1.0,1.0,1.0,0.9966666666666667,0.99,1.0,0.0,0.0,0.0,0.0,0.0,0.0,0.0,0.0,0.0,1.0,8.348854147510588,4.536210753480753,0.29,,,184.0,1031.0,589.0,0.0,22.79239910539786,41.94920080748072,97.69,11.192037215129533,False,False
Laya,main,RQ3,F4_low,300,1.830281689763069e-05,0.0019767281338436016,0.9966666666666667,0.99,1.0,0.0,0.0,0.0,0.0,0.0,0.0,0.0,0.0,0.0,0.0,0.0,0.0,1.0,18.24382999478128,4.6217702653445905,0.11666666666666667,,,184.0,850.0,nan,0.0,5.838463624938329,23.046566940546036,92.77,0.8257912798086803,False,False
Qwen3.5-4B-JSON,reference,RQ3,F4_low,300,0.04697139048948884,0.08002691205298258,1.0,1.0,1.0,1.0,1.0,1.0,1.0,1.0,1.0,1.0,1.0,1.0,0.05,0.02666666666666667,0.07666666666666666,1.0,1.270953454332608,0.6736053307962823,0.08333333333333333,,,184.0,511.0,252.0,30.0,139.45869339804253,263.1296101849859,108.935,53.65712997795741,False,False
Rule,reference,RQ3,F4_low,300,1.1833850294351578e-05,1.9874156375681054e-05,0.0,0.0,0.0,0.0,0.0,0.0,0.0,0.0,0.0,0.0,0.0,0.0,0.0,0.0,0.0,1.0,52097.21445778456,2083.8885783113824,0.9366666666666666,,,184.0,11.0,0.0,0.0,,,,,,False
Jev-1.13.0,main,RQ3,F4_medium,300,0.0679704484064132,0.06886272880240098,1.0,1.0,1.0,1.0,1.0,1.0,1.0,1.0,1.0,0.013333333333333334,0.0033333333333333335,0.02666666666666667,0.0033333333333333335,0.0,0.01,1.0,3.440977068328755,3.291868062034509,0.0033333333333333335,,,269.5,725.0,828.0,180.0,,,,,,False
DeepSeek-V4.1-Flash,main,RQ3,F4_medium,300,0.09924210398457944,0.10678853516076604,1.0,1.0,1.0,1.0,1.0,1.0,1.0,1.0,1.0,0.17666666666666667,0.13333333333333333,0.22,0.006666666666666667,0.0,0.016666666666666666,1.0,2.325585356960383,2.2635697474414394,0.01,,,269.5,924.0,260.0,25.0,,,,,,False
GLM-5.3-Flash,main,RQ3,F4_medium,300,0.17238616640679538,0.2620801169919294,1.0,1.0,1.0,1.0,1.0,1.0,1.0,1.0,1.0,0.9433333333333334,0.9166666666666666,0.9666666666666667,0.1,0.06666666666666667,0.13666666666666666,1.0,1.390833044886011,1.3722886042875309,0.013333333333333334,,,269.5,1115.5,261.0,35.0,,,,,,False
Qwen3.8-Flash,main,RQ3,F4_medium,300,0.3361509370151907,0.4435113347522485,1.0,1.0,1.0,1.0,1.0,1.0,1.0,1.0,1.0,1.0,1.0,1.0,0.97,0.95,0.9866666666666667,1.0,0.7115043434327393,0.6925308942745328,0.0033333333333333335,,,269.5,927.0,267.0,30.0,,,,,,False
SemIf-Qwen3.5-4B,main,RQ3,F4_medium,300,2.026872243732214e-05,0.0018816472977178141,1.0,1.0,1.0,0.9966666666666667,0.99,1.0,0.0,0.0,0.0,0.0,0.0,0.0,0.0,0.0,0.0,1.0,8.34460913537555,5.0345808450099145,0.07333333333333333,,,269.5,1030.0,602.0,0.0,22.99122121982972,38.10699649695533,97.69,11.354388399954638,False,False
Laya,main,RQ3,F4_medium,300,1.9683619029819965e-05,0.0019633014378504987,0.9966666666666667,0.99,1.0,0.0,0.0,0.0,0.0,0.0,0.0,0.0,0.0,0.0,0.0,0.0,0.0,1.0,18.249408596479718,3.7715444432724747,0.17333333333333334,,,269.5,851.0,nan,0.0,5.949696786435446,28.78885541823603,92.77,0.9311490651845944,False,False
Qwen3.5-4B-JSON,reference,RQ3,F4_medium,300,0.04232801834587008,0.05205941071431658,1.0,1.0,1.0,1.0,1.0,1.0,1.0,1.0,1.0,1.0,1.0,1.0,0.02,0.006666666666666667,0.03666666666666667,1.0,1.2937376386835726,0.8754291355092175,0.05333333333333334,,,269.5,511.0,265.0,30.0,131.74805525203547,194.7015594857667,108.935,47.51406653666496,False,False
Rule,reference,RQ3,F4_medium,300,1.1813361197710037e-05,2.1304921681900656e-05,0.0,0.0,0.0,0.0,0.0,0.0,0.0,0.0,0.0,0.0,0.0,0.0,0.0,0.0,0.0,1.0,43586.41822658859,2179.3209113294292,0.8533333333333334,,,269.5,11.0,0.0,0.0,,,,,,False
Jev-1.13.0,main,RQ3,F4_high,300,0.05045707290992141,0.05882386883274868,1.0,1.0,1.0,1.0,1.0,1.0,1.0,1.0,1.0,0.006666666666666667,0.0,0.016666666666666666,0.0,0.0,0.0,1.0,3.575695177317851,3.456505338073923,0.0033333333333333335,,,419.0,725.0,855.0,180.0,,,,,,False
DeepSeek-V4.1-Flash,main,RQ3,F4_high,300,0.05167024862021208,0.08378763342549837,1.0,1.0,1.0,1.0,1.0,1.0,1.0,1.0,1.0,0.056666666666666664,0.03333333333333333,0.08333333333333333,0.0033333333333333335,0.0,0.01,1.0,2.5440958232515647,2.4762532679648563,0.0,,,419.0,922.0,287.0,25.0,,,,,,False
GLM-5.3-Flash,main,RQ3,F4_high,300,0.15463216649368405,0.4818944215506361,1.0,1.0,1.0,1.0,1.0,1.0,1.0,1.0,1.0,0.9733333333333334,0.9533333333333334,0.99,0.08333333333333333,0.05333333333333334,0.11666666666666667,1.0,1.3025461857849954,1.2982043651657122,0.0,,,419.0,1131.5,287.5,37.0,,,,,,False
Qwen3.8-Flash,main,RQ3,F4_high,300,0.31285565672442317,0.35882460173042463,1.0,1.0,1.0,1.0,1.0,1.0,1.0,1.0,1.0,1.0,1.0,1.0,0.98,0.9633333333333334,0.9933333333333333,1.0,0.7065561637515515,0.6971354149015309,0.0,,,419.0,930.0,294.0,31.0,,,,,,False
SemIf-Qwen3.5-4B,main,RQ3,F4_high,300,0.0009996970184147358,0.016448025539448467,1.0,1.0,1.0,0.9966666666666667,0.99,1.0,0.01,0.0,0.023333333333333334,0.0,0.0,0.0,0.0,0.0,0.0,1.0,7.952004057367737,5.168802637289029,0.03333333333333333,,,419.0,1028.0,629.0,0.0,24.12456281461318,37.11471202248182,97.69,11.869677927450338,False,False
Laya,main,RQ3,F4_high,300,0.0009654541499912739,0.033949775710199206,0.9966666666666667,0.99,1.0,0.07,0.043333333333333335,0.1,0.0033333333333333335,0.0,0.01,0.0,0.0,0.0,0.0,0.0,0.0,1.0,15.663673333186718,2.453975488865919,0.24,,,419.0,852.0,nan,0.0,6.89807054606676,44.030237528085706,92.77,1.0189264605085055,False,False
Qwen3.5-4B-JSON,reference,RQ3,F4_high,300,0.038766349432989955,0.0866970021561925,1.0,1.0,1.0,1.0,1.0,1.0,1.0,1.0,1.0,1.0,1.0,1.0,0.06666666666666667,0.04,0.09666666666666666,1.0,1.2536834110946748,0.84832577484073,0.013333333333333334,,,419.0,510.0,292.0,30.0,142.74681170170308,210.95587936212277,108.935,55.82939078157346,False,False
Rule,reference,RQ3,F4_high,300,1.4614779502153397e-05,2.211528218972732e-05,0.0,0.0,0.0,0.0,0.0,0.0,0.0,0.0,0.0,0.0,0.0,0.0,0.0,0.0,0.0,1.0,31249.434639217983,1562.4717319608992,0.9,,,419.0,11.0,0.0,0.0,,,,,,False
Jev-1.13.0,main,RQ3,F6_low,300,0.05685534467920661,0.06976729877652262,1.0,1.0,1.0,1.0,1.0,1.0,1.0,1.0,1.0,0.016666666666666666,0.0033333333333333335,0.03333333333333333,0.0,0.0,0.0,1.0,3.374340164782028,2.654480929628529,0.03333333333333333,,,249.0,1015.0,1084.0,267.0,,,,,,False
DeepSeek-V4.1-Flash,main,RQ3,F6_low,300,0.09570394828915596,0.9747528528725719,1.0,1.0,1.0,1.0,1.0,1.0,1.0,1.0,1.0,0.21666666666666667,0.17,0.2633333333333333,0.06333333333333334,0.03666666666666667,0.09333333333333334,1.0,1.5607588051877563,1.4931259236296202,0.01,,,249.0,991.0,326.0,38.0,,,,,,False
GLM-5.3-Flash,main,RQ3,F6_low,300,0.27927847928367555,0.3805809453602399,1.0,1.0,1.0,1.0,1.0,1.0,1.0,1.0,1.0,0.9733333333333334,0.9533333333333334,0.99,0.16666666666666666,0.12666666666666668,0.21,1.0,1.225068606248681,1.1801494240195627,0.03,,,249.0,1179.5,323.0,48.0,,,,,,False
Qwen3.8-Flash,main,RQ3,F6_low,300,0.6153603745624423,0.6198280816957425,1.0,1.0,1.0,1.0,1.0,1.0,1.0,1.0,1.0,1.0,1.0,1.0,1.0,1.0,1.0,1.0,0.5123517937257804,0.46111661435320234,0.0,,,249.0,1005.0,329.0,58.0,,,,,,False
SemIf-Qwen3.5-4B,main,RQ3,F6_low,300,0.0010087841656059027,0.8513976218582315,1.0,1.0,1.0,1.0,1.0,1.0,0.03333333333333333,0.013333333333333334,0.056666666666666664,0.0033333333333333335,0.0,0.01,0.0033333333333333335,0.0,0.01,1.0,5.427265740591955,2.170906296236782,0.13666666666666666,,,249.0,1475.0,854.0,0.0,34.214739240249,85.5368481006225,97.69,16.214379879999164,False,False
Laya,main,RQ3,F6_low,300,0.0009221009677276015,0.04744672043134066,1.0,1.0,1.0,0.21,0.16333333333333333,0.25666666666666665,0.03333333333333333,0.013333333333333334,0.056666666666666664,0.0,0.0,0.0,0.0,0.0,0.0,1.0,12.588732272265897,0.9651361408737187,0.23,,,249.0,1192.0,nan,0.0,8.674927911508085,113.15123362836634,92.77,1.3092991430719727,False,False
Qwen3.5-4B-JSON,reference,RQ3,F6_low,300,0.06900232203770429,0.12292636710477454,1.0,1.0,1.0,1.0,1.0,1.0,1.0,1.0,1.0,1.0,1.0,1.0,1.0,1.0,1.0,1.0,0.8692399961959443,0.42013266482803974,0.11,,,249.0,573.0,327.0,45.0,216.73579685402314,448.4188900428065,108.935,91.3018648575306,False,False
Rule,reference,RQ3,F6_low,300,1.2782402336597443e-05,2.0923970916146424e-05,0.0,0.0,0.0,0.0,0.0,0.0,0.0,0.0,0.0,0.0,0.0,0.0,0.0,0.0,0.0,1.0,42749.09988322788,142.4969996107596,0.9966666666666667,,,249.0,11.0,0.0,0.0,,,,,,False
Jev-1.13.0,main,RQ3,F6_medium,300,0.05174915515817702,0.04340449684120988,1.0,1.0,1.0,1.0,1.0,1.0,1.0,1.0,1.0,0.0,0.0,0.0,0.0,0.0,0.0,1.0,3.6073600445593317,3.030182437429839,0.02,,,324.0,1014.0,1095.5,267.0,,,,,,False
DeepSeek-V4.1-Flash,main,RQ3,F6_medium,300,0.0721815312281251,0.3506932350592233,1.0,1.0,1.0,1.0,1.0,1.0,1.0,1.0,1.0,0.14666666666666667,0.10666666666666667,0.18666666666666668,0.016666666666666666,0.0033333333333333335,0.03333333333333333,1.0,2.154686486063385,2.0756813149077273,0.006666666666666667,,,324.0,991.0,338.0,39.0,,,,,,False
GLM-5.3-Flash,main,RQ3,F6_medium,300,0.37531693768687546,0.7001936233454237,1.0,1.0,1.0,1.0,1.0,1.0,1.0,1.0,1.0,0.99,0.9766666666666667,1.0,0.37333333333333335,0.31991666666666674,0.4266666666666667,0.99,0.9100942666448727,0.8615559057571461,0.02666666666666667,,,324.0,1207.5,334.0,50.0,,,,,,False
Qwen3.8-Flash,main,RQ3,F6_medium,300,0.34006562433205545,0.4001744002383317,1.0,1.0,1.0,1.0,1.0,1.0,1.0,1.0,1.0,1.0,1.0,1.0,1.0,1.0,1.0,1.0,0.6097500790509688,0.5731650743079106,0.0033333333333333335,,,324.0,1009.0,340.0,59.0,,,,,,False
SemIf-Qwen3.5-4B,main,RQ3,F6_medium,300,0.0009413177613168955,0.03391324288364217,1.0,1.0,1.0,0.9966666666666667,0.99,1.0,0.07,0.043333333333333335,0.1,0.0,0.0,0.0,0.0,0.0,0.0,1.0,7.581403513935295,2.5524058496915494,0.10666666666666667,,,324.0,1475.0,865.0,0.0,26.59050176494916,78.98168841074008,97.73,13.746825126425422,False,False
Laya,main,RQ3,F6_medium,300,3.525253850966692e-05,0.0306227376704289,0.9966666666666667,0.99,1.0,0.07333333333333333,0.04666666666666667,0.10333333333333333,0.013333333333333334,0.0033333333333333335,0.02666666666666667,0.0,0.0,0.0,0.0,0.0,0.0,1.0,15.582997252899384,0.7272065384686379,0.3,,,324.0,1192.0,nan,0.0,7.766820769898098,166.43187364067353,92.79,1.823930574027698,False,False
Qwen3.5-4B-JSON,reference,RQ3,F6_medium,300,0.03299873834475875,0.07202932001690468,1.0,1.0,1.0,1.0,1.0,1.0,1.0,1.0,1.0,1.0,1.0,1.0,1.0,1.0,1.0,1.0,0.8893518287004826,0.41799535948922684,0.08666666666666667,,,324.0,573.0,338.0,45.0,181.0591566783786,385.23224825186935,107.685,59.87297035850286,False,False
Rule,reference,RQ3,F6_medium,300,1.3061566278338432e-05,2.4556317173755193e-05,0.0,0.0,0.0,0.0,0.0,0.0,0.0,0.0,0.0,0.0,0.0,0.0,0.0,0.0,0.0,1.0,38654.215528547094,257.694770190314,0.99,,,324.0,11.0,0.0,0.0,,,,,,False
Jev-1.13.0,main,RQ3,F6_high,300,0.07060260325670242,0.054656007354640344,1.0,1.0,1.0,1.0,1.0,1.0,1.0,1.0,1.0,0.006666666666666667,0.0,0.016666666666666666,0.0,0.0,0.0,1.0,3.464614420661102,2.70239924811566,0.03,,,438.5,1018.0,1117.0,267.0,,,,,,False
DeepSeek-V4.1-Flash,main,RQ3,F6_high,300,0.07299133273772895,0.06730646455299225,1.0,1.0,1.0,1.0,1.0,1.0,1.0,1.0,1.0,0.10333333333333333,0.07,0.14,0.0,0.0,0.0,1.0,2.363020158243468,2.331513222800221,0.0033333333333333335,,,438.5,991.0,357.0,38.0,,,,,,False
GLM-5.3-Flash,main,RQ3,F6_high,300,0.27635333314538,0.31167382004917865,1.0,1.0,1.0,1.0,1.0,1.0,1.0,1.0,1.0,1.0,1.0,1.0,0.35333333333333333,0.3,0.4066666666666667,1.0,1.037283071509208,0.9473852053117435,0.05333333333333334,,,438.5,1246.0,354.0,53.0,,,,,,False
Qwen3.8-Flash,main,RQ3,F6_high,300,0.6863496655132622,1.464258708303319,1.0,1.0,1.0,1.0,1.0,1.0,1.0,1.0,1.0,1.0,1.0,1.0,1.0,1.0,1.0,1.0,0.42992756410662136,0.4098642777816457,0.0,,,438.5,1011.0,360.0,59.0,,,,,,False
SemIf-Qwen3.5-4B,main,RQ3,F6_high,300,0.0019913462456315756,0.051027134521149715,1.0,1.0,1.0,1.0,1.0,1.0,0.19333333333333333,0.15,0.23666666666666666,0.0033333333333333335,0.0,0.01,0.0,0.0,0.0,1.0,6.826257062627728,2.457452542545982,0.12666666666666668,,,438.5,1473.0,885.0,0.0,27.16925744034052,75.47015955650144,97.73,12.890252979083856,False,False
Laya,main,RQ3,F6_high,300,0.0009934994159266353,0.05453741043539152,1.0,1.0,1.0,0.19333333333333333,0.15,0.24,0.08333333333333333,0.05333333333333334,0.11666666666666667,0.0,0.0,0.0,0.0,0.0,0.0,1.0,12.230171044897158,0.48920684179588636,0.37,,,438.5,1193.0,nan,0.0,9.492613004676501,237.31532511691253,92.79,1.938888425914447,False,False
Qwen3.5-4B-JSON,reference,RQ3,F6_high,300,0.0473088170401752,0.19929376083933598,1.0,1.0,1.0,1.0,1.0,1.0,1.0,1.0,1.0,1.0,1.0,1.0,1.0,1.0,1.0,1.0,0.8771805081829882,0.4590577992824305,0.06666666666666667,,,438.5,573.0,358.0,44.0,182.87564858861364,349.44391450053564,107.685,60.04367650504508,False,False
Rule,reference,RQ3,F6_high,300,1.7864396795630455e-05,2.2399175858141966e-05,0.0,0.0,0.0,0.0,0.0,0.0,0.0,0.0,0.0,0.0,0.0,0.0,0.0,0.0,0.0,1.0,30512.521164744623,0.0,1.0,,,438.5,11.0,0.0,0.0,,,,,,False
Jev-1.13.0,main,RQ3,F8_low,300,0.05239858222194016,0.07566863154122092,1.0,1.0,1.0,1.0,1.0,1.0,1.0,1.0,1.0,0.03,0.013333333333333334,0.05,0.0,0.0,0.0,1.0,3.4847718108549155,2.0095517442596678,0.13,,,226.5,1315.0,1353.0,365.0,,,,,,False
DeepSeek-V4.1-Flash,main,RQ3,F8_low,300,0.08989590615965426,0.0744611854726235,1.0,1.0,1.0,1.0,1.0,1.0,1.0,1.0,1.0,0.31666666666666665,0.2633333333333333,0.37,0.0,0.0,0.0,1.0,2.0981502746163123,1.8883352471546813,0.05,,,226.5,1054.0,398.0,53.0,,,,,,False
GLM-5.3-Flash,main,RQ3,F8_low,300,0.3446533130481839,0.5646961271840228,1.0,1.0,1.0,1.0,1.0,1.0,1.0,1.0,1.0,0.9966666666666667,0.99,1.0,0.42,0.36666666666666664,0.4766666666666667,1.0,0.9296874373931961,0.7468489080392008,0.16,,,226.5,1317.0,391.0,68.5,,,,,,False
Qwen3.8-Flash,main,RQ3,F8_low,300,0.6205658123362809,2.3734780805572497,1.0,1.0,1.0,1.0,1.0,1.0,1.0,1.0,1.0,1.0,1.0,1.0,1.0,1.0,1.0,0.9933333333333333,0.41128222795287156,0.3386223676811976,0.013333333333333334,,,226.5,1071.5,397.0,79.0,,,,,,False
SemIf-Qwen3.5-4B,main,RQ3,F8_low,300,0.0010484510567039251,0.02313159357717088,1.0,1.0,1.0,1.0,1.0,1.0,0.03333333333333333,0.013333333333333334,0.056666666666666664,0.0,0.0,0.0,0.0,0.0,0.0,1.0,6.938638936102058,0.9251518581469411,0.45,,,226.5,1943.0,1119.0,0.0,32.132264788695174,240.9919859152138,97.69,18.055461392215886,False,False
Laya,main,RQ3,F8_low,300,0.0010036161402240396,0.060095759718133204,1.0,1.0,1.0,0.13,0.09333333333333334,0.17,0.12,0.08333333333333333,0.15666666666666668,0.0,0.0,0.0,0.0,0.0,0.0,1.0,12.61579846278262,0.1261579846278262,0.5033333333333333,,,226.5,1543.0,nan,0.0,8.910452255753675,891.0452255753676,92.77,1.6051239666740094,False,False
Qwen3.5-4B-JSON,reference,RQ3,F8_low,300,0.05887110950425267,0.12526057044903027,1.0,1.0,1.0,1.0,1.0,1.0,1.0,1.0,1.0,1.0,1.0,1.0,1.0,1.0,1.0,1.0,0.6492058371377489,0.19476175114132468,0.25333333333333335,,,226.5,638.0,395.0,63.0,269.3545310611288,897.8484368704293,108.935,101.45228934233987,False,False
Rule,reference,RQ3,F8_low,300,1.0051997378468513e-05,2.0790019761658824e-05,0.0,0.0,0.0,0.0,0.0,0.0,0.0,0.0,0.0,0.0,0.0,0.0,0.0,0.0,0.0,1.0,45442.12504724112,0.0,1.0,,,226.5,11.0,0.0,0.0,,,,,,False
Jev-1.13.0,main,RQ3,F8_medium,300,0.05188785446807742,0.06395410373230175,1.0,1.0,1.0,1.0,1.0,1.0,1.0,1.0,1.0,0.006666666666666667,0.0,0.016666666666666666,0.0033333333333333335,0.0,0.01,1.0,3.5460596483504503,2.0094338007319217,0.06666666666666667,,,312.5,1309.0,1377.0,364.0,,,,,,False
DeepSeek-V4.1-Flash,main,RQ3,F8_medium,300,0.11614784481935203,0.40926273200965113,1.0,1.0,1.0,1.0,1.0,1.0,1.0,1.0,1.0,0.33,0.27666666666666667,0.38333333333333336,0.04666666666666667,0.023333333333333334,0.07,1.0,1.8339065697013568,1.705533109822262,0.03,,,312.5,1056.0,421.0,53.0,,,,,,False
GLM-5.3-Flash,main,RQ3,F8_medium,300,0.27797775086946785,0.6248523901983108,1.0,1.0,1.0,1.0,1.0,1.0,1.0,1.0,1.0,1.0,1.0,1.0,0.47,0.41333333333333333,0.5233333333333333,1.0,0.8827418732266211,0.7385607005996063,0.11,,,312.5,1341.0,415.0,71.0,,,,,,False
Qwen3.8-Flash,main,RQ3,F8_medium,300,0.44913436518982053,0.3605149429176271,1.0,1.0,1.0,1.0,1.0,1.0,1.0,1.0,1.0,1.0,1.0,1.0,1.0,1.0,1.0,1.0,0.521733509852822,0.41216947278372934,0.01,,,312.5,1080.0,421.0,81.0,,,,,,False
SemIf-Qwen3.5-4B,main,RQ3,F8_medium,300,0.001934531144797802,0.013708490519538537,1.0,1.0,1.0,1.0,1.0,1.0,0.013333333333333334,0.0033333333333333335,0.02666666666666667,0.0,0.0,0.0,0.0,0.0,0.0,1.0,7.29303436879582,0.7293034368795821,0.29,,,312.5,1941.0,1143.0,0.0,32.23219177771409,322.3219177771409,97.73,18.867940067370736,False,False
Laya,main,RQ3,F8_medium,300,0.0009542695479467511,0.028778125846864698,0.9966666666666667,0.99,1.0,0.08333333333333333,0.05333333333333334,0.11666666666666667,0.0,0.0,0.0,0.0,0.0,0.0,0.0,0.0,0.0,1.0,15.393994653734264,0.05131331551244755,0.48333333333333334,,,312.5,1543.0,nan,0.0,8.510613766503335,2553.1841299510006,92.79,2.5680329219579705,False,False
Qwen3.5-4B-JSON,reference,RQ3,F8_medium,300,0.05133384373039007,0.03926303794590099,1.0,1.0,1.0,1.0,1.0,1.0,1.0,1.0,1.0,1.0,1.0,1.0,1.0,1.0,1.0,1.0,0.6572958133958888,0.1599419812596663,0.17333333333333334,,,312.5,637.0,419.0,63.0,247.4486019767761,1016.912062918258,107.685,83.45260287880897,False,False
Rule,reference,RQ3,F8_medium,300,1.6770558431744576e-05,2.06311225537032e-05,0.0,0.0,0.0,0.0,0.0,0.0,0.0,0.0,0.0,0.0,0.0,0.0,0.0,0.0,0.0,1.0,33855.91184163479,0.0,1.0,,,312.5,11.0,0.0,0.0,,,,,,False
Jev-1.13.0,main,RQ3,F8_high,300,0.04679882386699319,0.038788756520392,1.0,1.0,1.0,1.0,1.0,1.0,1.0,1.0,1.0,0.0,0.0,0.0,0.0,0.0,0.0,1.0,3.6238054445892756,1.9085375341503517,0.056666666666666664,,,402.5,1313.0,1399.0,364.0,,,,,,False
DeepSeek-V4.1-Flash,main,RQ3,F8_high,300,0.09146346943452954,0.9433685285060652,1.0,1.0,1.0,1.0,1.0,1.0,1.0,1.0,1.0,0.4066666666666667,0.35333333333333333,0.4633333333333333,0.05,0.02666666666666667,0.07666666666666666,1.0,1.5644633730992576,1.4549509369823095,0.01,,,402.5,1059.0,443.0,53.0,,,,,,False
GLM-5.3-Flash,main,RQ3,F8_high,300,0.4491460928693414,0.682168812117251,1.0,1.0,1.0,1.0,1.0,1.0,1.0,1.0,1.0,1.0,1.0,1.0,0.8433333333333334,0.8,0.8833333333333333,1.0,0.6993168446460257,0.5990814302467621,0.1,,,402.5,1405.5,437.0,76.0,,,,,,False
Qwen3.8-Flash,main,RQ3,F8_high,300,0.5174629897810519,1.2141464206918284,1.0,1.0,1.0,1.0,1.0,1.0,1.0,1.0,1.0,1.0,1.0,1.0,1.0,1.0,1.0,0.96,0.42365480214888107,0.2683147080276247,0.05,,,402.5,1079.5,443.0,81.0,,,,,,False
SemIf-Qwen3.5-4B,main,RQ3,F8_high,300,0.040234791464172304,0.031007830001384448,1.0,1.0,1.0,1.0,1.0,1.0,0.08,0.05,0.11,0.0,0.0,0.0,0.0,0.0,0.0,1.0,6.669043858903738,0.46683307012326164,0.22333333333333333,,,402.5,1935.0,1165.0,0.0,33.56387767591874,479.4839667988391,97.73,18.960083777161437,False,False
Laya,main,RQ3,F8_high,300,0.021185920340940356,0.05229601521561662,1.0,1.0,1.0,0.25,0.2,0.30333333333333334,0.04,0.02,0.06333333333333334,0.0,0.0,0.0,0.0,0.0,0.0,1.0,11.593084899724108,0.03864361633241369,0.5333333333333333,,,402.5,1544.0,nan,0.0,10.703414506733418,3211.0243520200256,92.79,2.7794578197121624,False,False
Qwen3.5-4B-JSON,reference,RQ3,F8_high,300,0.07430798222776502,0.279474981612215,1.0,1.0,1.0,1.0,1.0,1.0,1.0,1.0,1.0,1.0,1.0,1.0,1.0,1.0,1.0,1.0,0.6344600377482024,0.1332366079271225,0.11333333333333333,,,402.5,636.5,441.0,63.0,254.40242595626114,1211.4401236012436,107.685,84.58820618300437,False,False
Rule,reference,RQ3,F8_high,300,1.8063001334667206e-05,2.7070709330334077e-05,0.0,0.0,0.0,0.0,0.0,0.0,0.0,0.0,0.0,0.0,0.0,0.0,0.0,0.0,0.0,1.0,28024.836845704795,0.0,1.0,,,402.5,11.0,0.0,0.0,,,,,,False
Jev-1.13.0,main,RQ4,K4,300,0.054284750716760755,0.04892423539732019,1.0,1.0,1.0,1.0,1.0,1.0,1.0,1.0,1.0,0.006666666666666667,0.0,0.016666666666666666,0.0,0.0,0.0,1.0,3.615253796877605,3.3260334931273965,0.03333333333333333,0.3,0.0,223.0,765.0,937.0,193.0,,,,,,False
DeepSeek-V4.1-Flash,main,RQ4,K4,300,0.0624522496946156,0.2939934441780554,1.0,1.0,1.0,1.0,1.0,1.0,1.0,1.0,1.0,0.12666666666666668,0.09,0.16666666666666666,0.03333333333333333,0.013333333333333334,0.056666666666666664,1.0,2.2364656821531548,2.139552169259851,0.0033333333333333335,0.2,0.0,223.0,934.0,371.5,25.0,,,,,,False
GLM-5.3-Flash,main,RQ4,K4,300,0.672653165878728,0.8584083998621398,1.0,1.0,1.0,1.0,1.0,1.0,1.0,1.0,1.0,0.9733333333333334,0.9533333333333334,0.99,0.33,0.27666666666666667,0.38333333333333336,0.9866666666666667,0.8936022046259433,0.8459434203792262,0.04666666666666667,0.1,0.0,223.0,939.0,367.0,28.0,,,,,,False
Qwen3.8-Flash,main,RQ4,K4,300,0.3772036146838218,1.7187629503373558,1.0,1.0,1.0,1.0,1.0,1.0,1.0,1.0,1.0,1.0,1.0,1.0,0.9766666666666667,0.9566666666666667,0.9933333333333333,0.9966666666666667,0.6405555485697444,0.6106629563031563,0.0033333333333333335,0.2,0.0,223.0,933.0,374.0,24.0,,,,,,False
SemIf-Qwen3.5-4B,main,RQ4,K4,300,0.0019599139923229814,0.03233268762718025,1.0,1.0,1.0,1.0,1.0,1.0,0.1,0.06666666666666667,0.13333333333333333,0.0,0.0,0.0,0.0,0.0,0.0,1.0,7.270562769282317,4.507748916955037,0.20666666666666667,0.16666666666666666,0.003703703703703704,223.0,1085.5,706.0,0.0,28.814597753910228,46.47515766759714,97.73,15.449694479787352,False,False
Laya,main,RQ4,K4,300,0.0008542397990822792,0.034987766876953486,1.0,1.0,1.0,0.15666666666666668,0.11666666666666667,0.2,0.0,0.0,0.0,0.0,0.0,0.0,0.0,0.0,0.0,1.0,14.101470925001353,2.914303991166946,0.19666666666666666,0.7333333333333333,0.018518518518518517,223.0,889.0,nan,0.0,8.470558132950465,40.98657161105064,92.79,1.9706186742464706,False,False
Qwen3.5-4B-JSON,reference,RQ4,K4,300,0.17746990628074855,0.09788070014639144,1.0,1.0,1.0,1.0,1.0,1.0,1.0,1.0,1.0,1.0,1.0,1.0,0.0,0.0,0.0,1.0,1.366369529522132,0.6376391137769949,0.06,0.7666666666666667,0.0,223.0,512.0,372.0,29.0,118.76779379696845,254.5024152792181,107.685,39.96606452572344,False,False
MiniLM-Reranker,reference,RQ4,K4,300,0.00020068767480552197,0.30810918667377585,0.0033333333333333335,0.0,0.01,0.0033333333333333335,0.0,0.01,0.0033333333333333335,0.0,0.01,0.0033333333333333335,0.0,0.01,0.0033333333333333335,0.0,0.01,1.0,47.26013283581544,,,0.0,0.34814814814814815,223.0,27.0,0.0,0.0,,,,,,False
DistilBERT-Clf-All,reference,RQ4,K4,300,0.00024376041255891323,0.01187653939075937,0.0033333333333333335,0.0,0.01,0.0033333333333333335,0.0,0.01,0.0033333333333333335,0.0,0.01,0.0,0.0,0.0,0.0,0.0,0.0,1.0,229.31372062447247,,,0.5333333333333333,0.0,223.0,16.0,0.0,0.0,,,,,,False
Jev-1.13.0,main,RQ4,K15,300,0.05027552065439522,0.06535902575038123,1.0,1.0,1.0,1.0,1.0,1.0,1.0,1.0,1.0,0.01,0.0,0.023333333333333334,0.0,0.0,0.0,1.0,3.5193861996926152,3.1909101543879714,0.006666666666666667,0.2,0.0,250.5,1121.0,1296.0,345.0,,,,,,False
DeepSeek-V4.1-Flash,main,RQ4,K15,300,0.06309415702708066,0.21062095483556814,1.0,1.0,1.0,1.0,1.0,1.0,1.0,1.0,1.0,0.12666666666666668,0.09,0.16666666666666666,0.023333333333333334,0.006666666666666667,0.043333333333333335,1.0,2.252485632427233,2.2224524906615364,0.0,0.0,0.0,250.5,953.5,640.0,32.0,,,,,,False
GLM-5.3-Flash,main,RQ4,K15,300,0.8029948654584587,1.4383774371678753,1.0,1.0,1.0,1.0,1.0,1.0,1.0,1.0,1.0,0.9866666666666667,0.9733333333333334,0.9966666666666667,0.5133333333333333,0.45666666666666667,0.57,0.9866666666666667,0.6701535118830394,0.6478150614869381,0.02666666666666667,0.1,0.0,250.5,945.0,608.0,29.0,,,,,,False
Qwen3.8-Flash,main,RQ4,K15,300,0.4194908852223307,1.6997431864915595,1.0,1.0,1.0,1.0,1.0,1.0,1.0,1.0,1.0,1.0,1.0,1.0,0.9866666666666667,0.9733333333333334,0.9966666666666667,0.9966666666666667,0.6572363645005969,0.6243745462755671,0.0033333333333333335,0.03333333333333333,0.0,250.5,948.0,615.0,29.0,,,,,,False
SemIf-Qwen3.5-4B,main,RQ4,K15,300,0.0019974245224148035,0.02883497226621066,1.0,1.0,1.0,1.0,1.0,1.0,0.21666666666666667,0.17333333333333334,0.26666666666666666,0.0,0.0,0.0,0.0,0.0,0.0,1.0,5.602496088053864,3.6042724833146527,0.15333333333333332,0.06666666666666667,0.014814814814814815,250.5,1692.0,984.0,0.0,44.722569348001485,69.5169471730593,97.73,27.31587909708818,False,False
Laya,main,RQ4,K15,300,2.118060365319252e-05,0.01989825135178327,1.0,1.0,1.0,0.04,0.02,0.06333333333333334,0.0,0.0,0.0,0.0,0.0,0.0,0.0,0.0,0.0,1.0,16.685205790703872,3.0589543949623765,0.22666666666666666,1.0,0.018518518518518517,250.5,1323.0,nan,0.0,7.772221966818969,42.39393800083074,92.79,2.2629703556100527,False,False
Qwen3.5-4B-JSON,reference,RQ4,K15,300,0.11312445730436593,0.15947184456328392,1.0,1.0,1.0,1.0,1.0,1.0,1.0,1.0,1.0,1.0,1.0,1.0,0.07,0.043333333333333335,0.1,1.0,1.1259433387171018,0.5141807913474765,0.03333333333333333,0.43333333333333335,0.0,250.5,529.0,613.0,35.0,145.0888649941961,317.71284305298417,107.685,49.40715301473538,False,False
MiniLM-Reranker,reference,RQ4,K15,300,0.0019398017320781946,0.14405729507013276,0.0033333333333333335,0.0,0.01,0.0033333333333333335,0.0,0.01,0.0033333333333333335,0.0,0.01,0.0033333333333333335,0.0,0.01,0.0033333333333333335,0.0,0.01,1.0,79.70710916525906,,,0.13333333333333333,0.16296296296296298,250.5,40.0,0.0,0.0,,,,,,False
DistilBERT-Clf-All,reference,RQ4,K15,300,0.0033166869543492794,0.09544214321512336,0.0033333333333333335,0.0,0.01,0.0033333333333333335,0.0,0.01,0.0033333333333333335,0.0,0.01,0.0033333333333333335,0.0,0.01,0.0033333333333333335,0.0,0.01,1.0,96.2867394753402,,,0.7666666666666667,0.04814814814814815,250.5,35.0,0.0,0.0,,,,,,False
Jev-1.13.0,main,RQ4,K64,300,0.0604540107306093,0.04778995360699298,1.0,1.0,1.0,1.0,1.0,1.0,1.0,1.0,1.0,0.006666666666666667,0.0,0.016666666666666666,0.0,0.0,0.0,1.0,3.3429058886940966,2.8971851035348837,0.01,0.43333333333333335,0.0,264.0,2608.5,2796.0,955.0,,,,,,False
DeepSeek-V4.1-Flash,main,RQ4,K64,300,0.06014466634951532,0.25361429421555803,1.0,1.0,1.0,1.0,1.0,1.0,1.0,1.0,1.0,0.1,0.06666666666666667,0.13333333333333333,0.03,0.013333333333333334,0.05,1.0,2.253905805078875,2.1487235341751942,0.0,0.13333333333333333,0.0,264.0,956.0,1731.5,32.0,,,,,,False
GLM-5.3-Flash,main,RQ4,K64,300,0.2433586879633367,0.869403806814484,1.0,1.0,1.0,1.0,1.0,1.0,1.0,1.0,1.0,0.9366666666666666,0.9066666666666666,0.9633333333333334,0.12,0.08333333333333333,0.15666666666666668,1.0,1.2398460655943235,1.2067835038451415,0.01,0.1,0.0,264.0,959.5,1596.0,32.0,,,,,,False
Qwen3.8-Flash,main,RQ4,K64,300,4.00088300043717,2.2550066853494237,1.0,1.0,1.0,1.0,1.0,1.0,1.0,1.0,1.0,1.0,1.0,1.0,0.9966666666666667,0.99,1.0,1.0,0.26838757633696764,0.2585466985379455,0.0,0.13333333333333333,0.0,264.0,970.0,1608.0,44.0,,,,,,False
SemIf-Qwen3.5-4B,main,RQ4,K64,300,1.0255025699734688e-05,0.0020623498912397975,0.0,0.0,0.0,0.0,0.0,0.0,0.0,0.0,0.0,0.0,0.0,0.0,0.0,0.0,0.0,0.0,24.5550870276341,0.0,1.0,1.0,0.0,264.0,127.0,nan,nan,4.6808719026446335,,97.73,0.7690657251954068,False,True
Laya,main,RQ4,K64,300,1.1935713700950146e-05,0.01130380701973856,0.9966666666666667,0.99,1.0,0.006666666666666667,0.0,0.016666666666666666,0.0033333333333333335,0.0,0.01,0.0,0.0,0.0,0.0,0.0,0.0,1.0,17.04118281005687,1.8177261664060662,0.31,0.9666666666666667,0.0,264.0,3137.5,nan,0.0,7.848736200741926,73.58190188195556,92.79,2.4016538818637523,False,False
Qwen3.5-4B-JSON,reference,RQ4,K64,300,0.05089831259101629,0.05172343776178808,1.0,1.0,1.0,1.0,1.0,1.0,1.0,1.0,1.0,1.0,1.0,1.0,0.07,0.043333333333333335,0.1,1.0,1.0888115272046488,0.47544770021269667,0.02666666666666667,0.5333333333333333,0.003703703703703704,264.0,530.0,1606.0,35.0,160.02601375289362,366.47178722036705,107.685,61.11303383988539,False,False
MiniLM-Reranker,reference,RQ4,K64,300,0.0002471881452947855,0.1572091301654616,0.0033333333333333335,0.0,0.01,0.0033333333333333335,0.0,0.01,0.0033333333333333335,0.0,0.01,0.0033333333333333335,0.0,0.01,0.0033333333333333335,0.0,0.01,1.0,79.70825642928166,,,0.4666666666666667,0.05185185185185185,264.0,41.0,0.0,0.0,,,,,,False
DistilBERT-Clf-All,reference,RQ4,K64,300,0.0002670211251825094,0.09191436990668678,0.0033333333333333335,0.0,0.01,0.0033333333333333335,0.0,0.01,0.0033333333333333335,0.0,0.01,0.0033333333333333335,0.0,0.01,0.0033333333333333335,0.0,0.01,1.0,109.86321764101878,,,0.7333333333333333,0.0962962962962963,264.0,34.0,0.0,0.0,,,,,,False
Jev-1.13.0,main,RQ4,K128,300,0.058045624289661646,0.0513369512040839,1.0,1.0,1.0,1.0,1.0,1.0,1.0,1.0,1.0,0.01,0.0,0.023333333333333334,0.0,0.0,0.0,1.0,3.1483627265022633,2.79154828416534,0.006666666666666667,0.43333333333333335,0.0,256.5,4474.0,4698.0,1723.0,,,,,,False
DeepSeek-V4.1-Flash,main,RQ4,K128,300,0.07872822880744934,0.5654619198242078,1.0,1.0,1.0,1.0,1.0,1.0,1.0,1.0,1.0,0.2,0.15666666666666668,0.24666666666666667,0.05,0.02666666666666667,0.07666666666666666,1.0,1.8407459573024283,1.7793877587256806,0.0033333333333333335,0.1,0.0,256.5,966.0,3127.0,41.0,,,,,,False
GLM-5.3-Flash,main,RQ4,K128,300,0.46295447926968336,0.7044963964161526,1.0,1.0,1.0,1.0,1.0,1.0,1.0,1.0,1.0,1.0,1.0,1.0,0.5066666666666667,0.45,0.5633333333333334,1.0,0.8147429188165654,0.7848690117932913,0.023333333333333334,0.16666666666666666,0.0,256.5,961.0,2865.0,33.0,,,,,,False
Qwen3.8-Flash,main,RQ4,K128,300,0.29433099925518036,0.3627120735667173,1.0,1.0,1.0,1.0,1.0,1.0,1.0,1.0,1.0,1.0,1.0,1.0,0.99,0.9766666666666667,1.0,1.0,0.6802580824295387,0.6417101244251981,0.0033333333333333335,0.2,0.0,256.5,960.0,2877.0,42.0,,,,,,False
SemIf-Qwen3.5-4B,main,RQ4,K128,300,1.2269942089915276e-05,0.0020780701789770858,0.0,0.0,0.0,0.0,0.0,0.0,0.0,0.0,0.0,0.0,0.0,0.0,0.0,0.0,0.0,0.0,24.567575706839627,0.0,1.0,1.0,0.0,256.5,128.0,nan,nan,4.511259455239772,,97.73,0.5997790985147147,False,True
Laya,main,RQ4,K128,300,0.0010321901645511389,0.04134793210765773,1.0,1.0,1.0,0.19666666666666666,0.15333333333333332,0.24333333333333335,0.01,0.0,0.023333333333333334,0.0,0.0,0.0,0.0,0.0,0.0,1.0,12.012215169240047,1.001017930770004,0.27,1.0,0.007407407407407408,256.5,5445.5,nan,0.0,12.207565298056604,146.49078357667923,92.79,4.4698072104454045,False,False
Qwen3.5-4B-JSON,reference,RQ4,K128,300,0.06737443443853408,0.2645888036898885,1.0,1.0,1.0,1.0,1.0,1.0,1.0,1.0,1.0,1.0,1.0,1.0,0.2966666666666667,0.24333333333333335,0.35,1.0,0.9941300189861962,0.41422084124424846,0.06333333333333334,0.3,0.0,256.5,530.0,2875.0,35.0,184.15027987814346,441.9606717075443,107.685,75.74414930555025,False,False
MiniLM-Reranker,reference,RQ4,K128,300,0.0009754998609423637,0.2504432824596355,0.0033333333333333335,0.0,0.01,0.0033333333333333335,0.0,0.01,0.0033333333333333335,0.0,0.01,0.0033333333333333335,0.0,0.01,0.0033333333333333335,0.0,0.01,1.0,53.90489214684202,,,0.5666666666666667,0.014814814814814815,256.5,41.0,0.0,0.0,,,,,,False
DistilBERT-Clf-All,reference,RQ4,K128,300,0.0012197296600788832,0.00501577998027076,0.0033333333333333335,0.0,0.01,0.0,0.0,0.0,0.0,0.0,0.0,0.0,0.0,0.0,0.0,0.0,0.0,1.0,209.12899183005737,,,0.8333333333333334,0.11481481481481481,256.5,34.0,0.0,0.0,,,,,,False
Jev-1.13.0,main,RQ4,K254,300,0.04636327130720019,0.06939018747761229,1.0,1.0,1.0,1.0,1.0,1.0,1.0,1.0,1.0,0.013333333333333334,0.0033333333333333335,0.02666666666666667,0.0033333333333333335,0.0,0.01,1.0,2.8339838269748405,2.6544981845997673,0.013333333333333334,0.13333333333333333,0.0,245.5,8161.0,8469.0,3281.0,,,,,,False
DeepSeek-V4.1-Flash,main,RQ4,K254,300,0.0903358543291688,0.23457794560342274,1.0,1.0,1.0,1.0,1.0,1.0,1.0,1.0,1.0,0.49333333333333335,0.43666666666666665,0.5466666666666666,0.05333333333333334,0.03,0.08,1.0,1.8361222141358469,1.7810385477117716,0.0033333333333333335,0.0,0.0,245.5,965.0,5865.0,40.0,,,,,,False
GLM-5.3-Flash,main,RQ4,K254,300,0.20248171780258417,0.4741799736496896,1.0,1.0,1.0,1.0,1.0,1.0,1.0,1.0,1.0,1.0,1.0,1.0,0.16333333333333333,0.12333333333333334,0.20666666666666667,1.0,1.156534976306716,1.1334042767805819,0.016666666666666666,0.0,0.0,245.5,1153.0,5372.0,40.5,,,,,,False
Qwen3.8-Flash,main,RQ4,K254,300,0.6557010314427316,0.8034634904560888,1.0,1.0,1.0,1.0,1.0,1.0,1.0,1.0,1.0,1.0,1.0,1.0,1.0,1.0,1.0,1.0,0.488691326028185,0.47077264407381825,0.006666666666666667,0.03333333333333333,0.0,245.5,957.0,5382.0,41.0,,,,,,False
SemIf-Qwen3.5-4B,main,RQ4,K254,300,1.1627213098108768e-05,0.0019848014197406303,0.0,0.0,0.0,0.0,0.0,0.0,0.0,0.0,0.0,0.0,0.0,0.0,0.0,0.0,0.0,0.0,24.577636824634457,0.0,1.0,1.0,0.0,245.5,128.0,nan,nan,4.753375453190009,,97.73,0.8415692757407821,False,True
Laya,main,RQ4,K254,300,9.604974184185266e-05,0.001920315803043673,0.9966666666666667,0.99,1.0,0.0,0.0,0.0,0.0,0.0,0.0,0.0,0.0,0.0,0.0,0.0,0.0,0.0,19.422237222684704,0.0,1.0,1.0,0.0,245.5,119.0,nan,nan,4.898052251557508,,92.79,0.13173929875294257,False,True
Qwen3.5-4B-JSON,reference,RQ4,K254,300,0.07530955248512328,0.2600165067756723,1.0,1.0,1.0,1.0,1.0,1.0,1.0,1.0,1.0,1.0,1.0,1.0,0.8666666666666667,0.8266666666666667,0.9033333333333333,1.0,0.920198603956013,0.4539646446182998,0.05333333333333334,0.06666666666666667,0.007407407407407408,245.5,529.0,5380.0,35.0,218.7012099529664,443.31326341817515,107.685,101.60956622078818,False,False
MiniLM-Reranker,reference,RQ4,K254,300,0.00020264624617993832,0.2509538470393679,0.0033333333333333335,0.0,0.01,0.0033333333333333335,0.0,0.01,0.0033333333333333335,0.0,0.01,0.0033333333333333335,0.0,0.01,0.0033333333333333335,0.0,0.01,1.0,55.65570283032181,,,0.3,0.018518518518518517,245.5,40.0,0.0,0.0,,,,,,False
DistilBERT-Clf-All,reference,RQ4,K254,300,0.0002067915629595518,0.00447530873694069,0.0033333333333333335,0.0,0.01,0.0,0.0,0.0,0.0,0.0,0.0,0.0,0.0,0.0,0.0,0.0,0.0,1.0,260.6712872021413,,,0.13333333333333333,0.15185185185185185,245.5,34.0,0.0,0.0,,,,,,False
Jev-1.13.0,main,RQ4,churn25,300,0.05003340751864016,0.048272952134062894,1.0,1.0,1.0,1.0,1.0,1.0,1.0,1.0,1.0,0.0033333333333333335,0.0,0.01,0.0,0.0,0.0,1.0,3.436173317125352,3.1040098964699014,0.006666666666666667,0.4,0.0,262.5,2629.0,2784.0,954.0,,,,,,False
DeepSeek-V4.1-Flash,main,RQ4,churn25,300,0.09421853232197464,0.490032723729709,1.0,1.0,1.0,1.0,1.0,1.0,1.0,1.0,1.0,0.20333333333333334,0.16,0.25,0.07333333333333333,0.043333333333333335,0.10333333333333333,1.0,1.8202892208188681,1.7778158056664277,0.0033333333333333335,0.0,0.0,262.5,957.0,1724.0,31.0,,,,,,False
GLM-5.3-Flash,main,RQ4,churn25,300,0.31109252106398344,0.5733370301695407,1.0,1.0,1.0,1.0,1.0,1.0,1.0,1.0,1.0,0.9766666666666667,0.9566666666666667,0.9933333333333333,0.21,0.16333333333333333,0.25666666666666665,1.0,1.1238452593793085,1.1013683541917223,0.01,0.1,0.0,262.5,956.0,1591.0,31.0,,,,,,False
Qwen3.8-Flash,main,RQ4,churn25,300,0.3301543644629419,0.4014941810409229,1.0,1.0,1.0,1.0,1.0,1.0,1.0,1.0,1.0,1.0,1.0,1.0,1.0,1.0,1.0,1.0,0.6642283672287665,0.6553719889990496,0.0,0.03333333333333333,0.0,262.5,960.0,1602.0,41.0,,,,,,False
SemIf-Qwen3.5-4B,main,RQ4,churn25,300,8.919392712414265e-06,0.0018002872044008925,0.0,0.0,0.0,0.0,0.0,0.0,0.0,0.0,0.0,0.0,0.0,0.0,0.0,0.0,0.0,0.0,24.54748876283508,0.0,1.0,1.0,0.0,262.5,127.0,nan,nan,4.788077189763388,,97.73,0.8114434841712318,False,True
Laya,main,RQ4,churn25,300,0.0009896771516650915,0.04201502036812883,1.0,1.0,1.0,0.21666666666666667,0.17333333333333334,0.26666666666666666,0.01,0.0,0.023333333333333334,0.0,0.0,0.0,0.0,0.0,0.0,1.0,12.574183241443569,1.466988044835083,0.24666666666666667,1.0,0.003703703703703704,262.5,3147.5,nan,0.0,9.962750597421326,85.39500512075422,92.79,2.5961525245587,False,False
Qwen3.5-4B-JSON,reference,RQ4,churn25,300,0.08494503679685295,0.24578601354967525,1.0,1.0,1.0,1.0,1.0,1.0,1.0,1.0,1.0,1.0,1.0,1.0,0.16333333333333333,0.12333333333333334,0.20666666666666667,1.0,1.0355396832164177,0.43837846589495016,0.04,0.6,0.0,262.5,531.0,1600.0,35.0,165.9375543582002,391.9784748618903,107.685,61.90738323012985,False,False
MiniLM-Reranker,reference,RQ4,churn25,300,0.00025402079336345196,0.1484282385752636,0.0033333333333333335,0.0,0.01,0.0033333333333333335,0.0,0.01,0.0033333333333333335,0.0,0.01,0.0033333333333333335,0.0,0.01,0.0033333333333333335,0.0,0.01,1.0,82.08830996976359,,,0.7666666666666667,0.04814814814814815,262.5,41.0,0.0,0.0,,,,,,False
DistilBERT-Clf-Frozen,reference,RQ4,churn25,300,0.00025583268143236637,0.013984976450144553,0.0033333333333333335,0.0,0.01,0.0033333333333333335,0.0,0.01,0.0033333333333333335,0.0,0.01,0.0,0.0,0.0,0.0,0.0,0.0,1.0,207.1272782925862,,,0.43333333333333335,0.3,262.5,33.0,0.0,0.0,,,,,,False
DistilBERT-Clf-Retrained,reference,RQ4,churn25,300,0.0002854263875633478,0.09814141480652246,0.0033333333333333335,0.0,0.01,0.0033333333333333335,0.0,0.01,0.0033333333333333335,0.0,0.01,0.0033333333333333335,0.0,0.01,0.0033333333333333335,0.0,0.01,1.0,104.60627644029013,,,0.5666666666666667,0.21481481481481482,262.5,34.0,0.0,0.0,,,,,,False
Jev-1.13.0,main,RQ4,churn50,300,0.05667821946553886,0.045700310282454984,1.0,1.0,1.0,1.0,1.0,1.0,1.0,1.0,1.0,0.006666666666666667,0.0,0.016666666666666666,0.0,0.0,0.0,1.0,3.3823565492640206,3.077944459830259,0.0033333333333333335,0.3333333333333333,0.0,267.5,2624.0,2798.0,969.0,,,,,,False
DeepSeek-V4.1-Flash,main,RQ4,churn50,300,0.0581092918291688,0.0798158095776914,1.0,1.0,1.0,1.0,1.0,1.0,1.0,1.0,1.0,0.07333333333333333,0.043333333333333335,0.10333333333333333,0.0033333333333333335,0.0,0.01,1.0,2.464329449274696,2.357541839806126,0.0,0.1,0.0,267.5,961.0,1736.5,37.0,,,,,,False
GLM-5.3-Flash,main,RQ4,churn50,300,0.3467056043446064,1.6710490836245193,1.0,1.0,1.0,1.0,1.0,1.0,1.0,1.0,1.0,1.0,1.0,1.0,0.27,0.22,0.32,1.0,0.8691284332043017,0.8459516749855204,0.02,0.03333333333333333,0.0,267.5,957.0,1605.0,31.0,,,,,,False
Qwen3.8-Flash,main,RQ4,churn50,300,0.35689086513593793,0.5167219660130888,1.0,1.0,1.0,1.0,1.0,1.0,1.0,1.0,1.0,1.0,1.0,1.0,0.9966666666666667,0.99,1.0,1.0,0.6497478979669984,0.6345871136811017,0.006666666666666667,0.06666666666666667,0.0,267.5,959.0,1619.0,41.0,,,,,,False
SemIf-Qwen3.5-4B,main,RQ4,churn50,300,1.0911375284194946e-05,0.002081311099861425,0.0,0.0,0.0,0.0,0.0,0.0,0.0,0.0,0.0,0.0,0.0,0.0,0.0,0.0,0.0,0.0,24.557342154043862,0.0,1.0,1.0,0.0,267.5,127.0,nan,nan,4.64695572373867,,97.73,0.6703220181465145,False,True
Laya,main,RQ4,churn50,300,1.2260396033525467e-05,0.016765254760541897,0.9966666666666667,0.99,1.0,0.02666666666666667,0.01,0.04666666666666667,0.0,0.0,0.0,0.0,0.0,0.0,0.0,0.0,0.0,1.0,16.53226640498563,2.3696248513812734,0.25333333333333335,1.0,0.003703703703703704,267.5,3143.0,nan,0.0,8.0896265253067,56.439254827721165,92.79,2.5188242506742458,False,False
Qwen3.5-4B-JSON,reference,RQ4,churn50,300,0.06827974633779377,0.0872925364563407,1.0,1.0,1.0,1.0,1.0,1.0,1.0,1.0,1.0,1.0,1.0,1.0,0.08333333333333333,0.05333333333333334,0.11666666666666667,1.0,1.0805410027894322,0.45742902451419293,0.03,0.36666666666666664,0.0,267.5,531.0,1617.0,35.0,161.35706783150434,381.1584279484355,107.685,61.652603110301484,False,False
MiniLM-Reranker,reference,RQ4,churn50,300,0.0002050730399787426,0.1454400573275162,0.0033333333333333335,0.0,0.01,0.0033333333333333335,0.0,0.01,0.0033333333333333335,0.0,0.01,0.0033333333333333335,0.0,0.01,0.0033333333333333335,0.0,0.01,1.0,84.86584955881102,,,0.43333333333333335,0.07407407407407407,267.5,41.0,0.0,0.0,,,,,,False
DistilBERT-Clf-Frozen,reference,RQ4,churn50,300,0.00020606303587555885,0.09660400512586068,0.0033333333333333335,0.0,0.01,0.0033333333333333335,0.0,0.01,0.0033333333333333335,0.0,0.01,0.0033333333333333335,0.0,0.01,0.0033333333333333335,0.0,0.01,1.0,109.48222006831399,,,0.26666666666666666,0.4925925925925926,267.5,22.0,0.0,0.0,,,,,,False
DistilBERT-Clf-Retrained,reference,RQ4,churn50,300,0.00018242653459310532,0.013599479405670729,0.0033333333333333335,0.0,0.01,0.0033333333333333335,0.0,0.01,0.0033333333333333335,0.0,0.01,0.0,0.0,0.0,0.0,0.0,0.0,1.0,227.86144942206576,,,0.3,0.48518518518518516,267.5,22.0,0.0,0.0,,,,,,False
