rq,condition,model,reference_model,n_paired,em_diff,em_diff_ci_low,em_diff_ci_high,em_mcnemar_p,unsafe_diff,unsafe_diff_ci_low,unsafe_diff_ci_high,unsafe_mcnemar_p,cochrans_q_em_stat,cochrans_q_em_p,cochrans_q_unsafe_stat,cochrans_q_unsafe_p
RQ1a,base,DeepSeek-V4.1-Flash,Jev-1.13.0,300,0.05,0.023333333333333334,0.07666666666666666,0.000728607177734375,0.0,0.0,0.0,1.0,968.7704918032787,3.464614648385393e-207,188.3,9.019229632246781e-39
RQ1a,base,GLM-5.3-Flash,Jev-1.13.0,300,0.04666666666666667,0.02,0.07666666666666666,0.0025768280029296875,0.0,0.0,0.0,1.0,968.7704918032787,3.464614648385393e-207,188.3,9.019229632246781e-39
RQ1a,base,Qwen3.8-Flash,Jev-1.13.0,300,0.02,-0.006666666666666667,0.04666666666666667,0.237884521484375,0.0,0.0,0.0,1.0,968.7704918032787,3.464614648385393e-207,188.3,9.019229632246781e-39
RQ1a,base,SemIf-Qwen3.5-4B,Jev-1.13.0,300,-0.3,-0.36,-0.24,2.6459721785029077e-20,0.0033333333333333335,0.0,0.01,1.0,968.7704918032787,3.464614648385393e-207,188.3,9.019229632246781e-39
RQ1a,base,Laya,Jev-1.13.0,300,-0.83,-0.87,-0.7866666666666666,2.210859150104178e-75,0.13,0.09333333333333334,0.17,3.637978807091713e-12,968.7704918032787,3.464614648385393e-207,188.3,9.019229632246781e-39
RQ1a,pad_512,DeepSeek-V4.1-Flash,Jev-1.13.0,300,0.05,0.02,0.08333333333333333,0.004077315330505371,0.0,0.0,0.0,1.0,1086.3152709359606,1.2291009482830441e-232,445.0,5.885198606588699e-94
RQ1a,pad_512,GLM-5.3-Flash,Jev-1.13.0,300,0.05,0.02,0.08333333333333333,0.002599477767944336,0.0,0.0,0.0,1.0,1086.3152709359606,1.2291009482830441e-232,445.0,5.885198606588699e-94
RQ1a,pad_512,Qwen3.8-Flash,Jev-1.13.0,300,0.04,0.01,0.07333333333333333,0.022655844688415527,0.0,0.0,0.0,1.0,1086.3152709359606,1.2291009482830441e-232,445.0,5.885198606588699e-94
RQ1a,pad_512,SemIf-Qwen3.5-4B,Jev-1.13.0,300,-0.49333333333333335,-0.5533333333333333,-0.43666666666666665,4.0739249604083244e-42,0.0,0.0,0.0,1.0,1086.3152709359606,1.2291009482830441e-232,445.0,5.885198606588699e-94
RQ1a,pad_512,Laya,Jev-1.13.0,300,-0.9133333333333333,-0.9433333333333334,-0.88,6.588873714519077e-83,0.2966666666666667,0.24666666666666667,0.35,3.2311742677852644e-27,1086.3152709359606,1.2291009482830441e-232,445.0,5.885198606588699e-94
RQ1a,pad_2048,DeepSeek-V4.1-Flash,Jev-1.13.0,300,0.056666666666666664,0.023333333333333334,0.09,0.0015137195587158203,0.0,0.0,0.0,1.0,1076.0044532409697,2.100641429126638e-230,298.19354838709677,2.4491858939095237e-62
RQ1a,pad_2048,GLM-5.3-Flash,Jev-1.13.0,300,0.05333333333333334,0.023333333333333334,0.08666666666666667,0.001543879508972168,0.0,0.0,0.0,1.0,1076.0044532409697,2.100641429126638e-230,298.19354838709677,2.4491858939095237e-62
RQ1a,pad_2048,Qwen3.8-Flash,Jev-1.13.0,300,0.05333333333333334,0.02,0.08666666666666667,0.002493917942047119,0.0,0.0,0.0,1.0,1076.0044532409697,2.100641429126638e-230,298.19354838709677,2.4491858939095237e-62
RQ1a,pad_2048,SemIf-Qwen3.5-4B,Jev-1.13.0,300,-0.4766666666666667,-0.5366666666666666,-0.4166666666666667,1.1851321278320514e-37,0.0033333333333333335,0.0,0.01,1.0,1076.0044532409697,2.100641429126638e-230,298.19354838709677,2.4491858939095237e-62
RQ1a,pad_2048,Laya,Jev-1.13.0,300,-0.9033333333333333,-0.9333333333333333,-0.87,5.271098971615262e-82,0.20333333333333334,0.16,0.25,8.673617379884035e-19,1076.0044532409697,2.100641429126638e-230,298.19354838709677,2.4491858939095237e-62
RQ1a,pad_8192,DeepSeek-V4.1-Flash,Jev-1.13.0,300,0.06666666666666667,0.03666666666666667,0.1,8.797645568847656e-05,0.0,0.0,0.0,1.0,905.6035731530661,1.6305968025788348e-193,273.2105263157895,5.720223000718041e-57
RQ1a,pad_8192,GLM-5.3-Flash,Jev-1.13.0,300,0.04,0.0033333333333333335,0.08,0.06524533522315325,0.0,0.0,0.0,1.0,905.6035731530661,1.6305968025788348e-193,273.2105263157895,5.720223000718041e-57
RQ1a,pad_8192,Qwen3.8-Flash,Jev-1.13.0,300,-0.14666666666666667,-0.20333333333333334,-0.09,1.1467543245820195e-06,0.0,0.0,0.0,1.0,905.6035731530661,1.6305968025788348e-193,273.2105263157895,5.720223000718041e-57
RQ1a,pad_8192,SemIf-Qwen3.5-4B,Jev-1.13.0,300,-0.43666666666666665,-0.49666666666666665,-0.37666666666666665,4.402176408278431e-35,0.0033333333333333335,0.0,0.01,1.0,905.6035731530661,1.6305968025788348e-193,273.2105263157895,5.720223000718041e-57
RQ1a,pad_8192,Laya,Jev-1.13.0,300,-0.8866666666666667,-0.92,-0.85,1.6867516709168837e-80,0.18666666666666668,0.14333333333333334,0.23,2.7755575615628914e-17,905.6035731530661,1.6305968025788348e-193,273.2105263157895,5.720223000718041e-57
RQ1a,pad_16384,DeepSeek-V4.1-Flash,Jev-1.13.0,300,0.06,0.02666666666666667,0.09666666666666666,0.0009122341871261597,0.0,0.0,0.0,1.0,1030.5941591137966,1.4290114911218807e-220,333.17391304347825,7.327130626221338e-70
RQ1a,pad_16384,GLM-5.3-Flash,Jev-1.13.0,300,0.02666666666666667,-0.01,0.06333333333333334,0.22948101302608848,0.0,0.0,0.0,1.0,1030.5941591137966,1.4290114911218807e-220,333.17391304347825,7.327130626221338e-70
RQ1a,pad_16384,Qwen3.8-Flash,Jev-1.13.0,300,0.04666666666666667,0.013333333333333334,0.08333333333333333,0.012540951371192932,0.0,0.0,0.0,1.0,1030.5941591137966,1.4290114911218807e-220,333.17391304347825,7.327130626221338e-70
RQ1a,pad_16384,SemIf-Qwen3.5-4B,Jev-1.13.0,300,-0.43,-0.4866666666666667,-0.37333333333333335,1.6368758835200354e-36,0.0033333333333333335,0.0,0.01,1.0,1030.5941591137966,1.4290114911218807e-220,333.17391304347825,7.327130626221338e-70
RQ1a,pad_16384,Laya,Jev-1.13.0,300,-0.8966666666666666,-0.93,-0.86,2.1084395886461046e-81,0.22666666666666666,0.18,0.2733333333333333,6.776263578034403e-21,1030.5941591137966,1.4290114911218807e-220,333.17391304347825,7.327130626221338e-70
RQ1b,k1,DeepSeek-V4.1-Flash,Jev-1.13.0,300,0.03333333333333333,0.006666666666666667,0.06,0.021270751953125,0.0,0.0,0.0,1.0,1021.4676056338028,1.3522540632766193e-218,221.9795918367347,5.596139247457431e-46
RQ1b,k1,GLM-5.3-Flash,Jev-1.13.0,300,0.03,0.006666666666666667,0.05333333333333334,0.0224609375,0.0,0.0,0.0,1.0,1021.4676056338028,1.3522540632766193e-218,221.9795918367347,5.596139247457431e-46
RQ1b,k1,Qwen3.8-Flash,Jev-1.13.0,300,0.013333333333333334,-0.013333333333333334,0.04,0.480682373046875,0.0,0.0,0.0,1.0,1021.4676056338028,1.3522540632766193e-218,221.9795918367347,5.596139247457431e-46
RQ1b,k1,SemIf-Qwen3.5-4B,Jev-1.13.0,300,-0.36,-0.42,-0.3,1.1008568075907249e-27,0.006666666666666667,0.0,0.016666666666666666,0.5,1021.4676056338028,1.3522540632766193e-218,221.9795918367347,5.596139247457431e-46
RQ1b,k1,Laya,Jev-1.13.0,300,-0.8733333333333333,-0.91,-0.8333333333333334,2.698802673467014e-79,0.15666666666666668,0.11666666666666667,0.2,1.4210854715202004e-14,1021.4676056338028,1.3522540632766193e-218,221.9795918367347,5.596139247457431e-46
RQ1b,k2,DeepSeek-V4.1-Flash,Jev-1.13.0,300,0.06666666666666667,0.02666666666666667,0.10666666666666667,0.0016580525261815637,0.0,0.0,0.0,1.0,1033.791554357592,2.9023127789437816e-221,615.4341534008684,9.351431319613337e-131
RQ1b,k2,GLM-5.3-Flash,Jev-1.13.0,300,0.023333333333333334,-0.02,0.06666666666666667,0.3712980344710104,0.0,0.0,0.0,1.0,1033.791554357592,2.9023127789437816e-221,615.4341534008684,9.351431319613337e-131
RQ1b,k2,Qwen3.8-Flash,Jev-1.13.0,300,0.006666666666666667,-0.03666666666666667,0.05,0.8829959121223965,0.0033333333333333335,0.0,0.01,1.0,1033.791554357592,2.9023127789437816e-221,615.4341534008684,9.351431319613337e-131
RQ1b,k2,SemIf-Qwen3.5-4B,Jev-1.13.0,300,-0.6133333333333333,-0.6733333333333333,-0.5533333333333333,1.4982596836023165e-48,0.02666666666666667,0.01,0.04666666666666667,0.0078125,1033.791554357592,2.9023127789437816e-221,615.4341534008684,9.351431319613337e-131
RQ1b,k2,Laya,Jev-1.13.0,300,-0.8966666666666666,-0.93,-0.86,2.1084395886461046e-81,0.44,0.38333333333333336,0.49666666666666665,3.6734198463196485e-40,1033.791554357592,2.9023127789437816e-221,615.4341534008684,9.351431319613337e-131
RQ1b,k4,DeepSeek-V4.1-Flash,Jev-1.13.0,300,0.09,0.05,0.13,4.1934157934520044e-05,0.0,0.0,0.0,1.0,1201.621905161561,1.3081965752737808e-257,642.1663442940039,1.5619514313599886e-136
RQ1b,k4,GLM-5.3-Flash,Jev-1.13.0,300,0.08333333333333333,0.03666666666666667,0.13,0.0008023308868949641,0.0,0.0,0.0,1.0,1201.621905161561,1.3081965752737808e-257,642.1663442940039,1.5619514313599886e-136
RQ1b,k4,Qwen3.8-Flash,Jev-1.13.0,300,0.07666666666666666,0.03,0.12333333333333334,0.0021901868838920535,0.0,0.0,0.0,1.0,1201.621905161561,1.3081965752737808e-257,642.1663442940039,1.5619514313599886e-136
RQ1b,k4,SemIf-Qwen3.5-4B,Jev-1.13.0,300,-0.8033333333333333,-0.8466666666666667,-0.7566666666666667,5.659799424266695e-73,0.2,0.15666666666666668,0.24666666666666667,1.734723475976807e-18,1201.621905161561,1.3081965752737808e-257,642.1663442940039,1.5619514313599886e-136
RQ1b,k4,Laya,Jev-1.13.0,300,-0.85,-0.89,-0.81,3.454467422037778e-77,0.5466666666666666,0.49,0.6,8.552847072295026e-50,1201.621905161561,1.3081965752737808e-257,642.1663442940039,1.5619514313599886e-136
RQ1b,k8,DeepSeek-V4.1-Flash,Jev-1.13.0,300,0.17,0.11333333333333333,0.22666666666666666,8.625605549980351e-09,0.0,0.0,0.0,1.0,1070.0666666666666,4.056278462601521e-229,763.8687150837989,7.56950501150728e-163
RQ1b,k8,GLM-5.3-Flash,Jev-1.13.0,300,0.15,0.09,0.21,1.899849174722082e-06,0.0,0.0,0.0,1.0,1070.0666666666666,4.056278462601521e-229,763.8687150837989,7.56950501150728e-163
RQ1b,k8,Qwen3.8-Flash,Jev-1.13.0,300,0.16333333333333333,0.10333333333333333,0.22333333333333333,4.757482385242055e-07,0.0,0.0,0.0,1.0,1070.0666666666666,4.056278462601521e-229,763.8687150837989,7.56950501150728e-163
RQ1b,k8,SemIf-Qwen3.5-4B,Jev-1.13.0,300,-0.7133333333333334,-0.7633333333333333,-0.66,7.596454196607839e-65,0.58,0.5233333333333333,0.6333333333333333,8.352389719038111e-53,1070.0666666666666,4.056278462601521e-229,763.8687150837989,7.56950501150728e-163
RQ1b,k8,Laya,Jev-1.13.0,300,-0.7166666666666667,-0.7666666666666667,-0.6633333333333333,3.7982270983039195e-65,0.52,0.4633333333333333,0.5766666666666667,2.1895288505075267e-47,1070.0666666666666,4.056278462601521e-229,763.8687150837989,7.56950501150728e-163
RQ2,clean,DeepSeek-V4.1-Flash,Jev-1.13.0,300,0.03666666666666667,0.013333333333333334,0.06333333333333334,0.00738525390625,0.0,0.0,0.0,1.0,983.4551886792453,2.2945312487668057e-210,188.3,9.019229632246781e-39
RQ2,clean,GLM-5.3-Flash,Jev-1.13.0,300,0.043333333333333335,0.016666666666666666,0.07,0.002349853515625,0.0,0.0,0.0,1.0,983.4551886792453,2.2945312487668057e-210,188.3,9.019229632246781e-39
RQ2,clean,Qwen3.8-Flash,Jev-1.13.0,300,0.01,-0.016666666666666666,0.03666666666666667,0.629058837890625,0.0,0.0,0.0,1.0,983.4551886792453,2.2945312487668057e-210,188.3,9.019229632246781e-39
RQ2,clean,SemIf-Qwen3.5-4B,Jev-1.13.0,300,-0.31,-0.36666666666666664,-0.25333333333333335,8.435279808627725e-23,0.0033333333333333335,0.0,0.01,1.0,983.4551886792453,2.2945312487668057e-210,188.3,9.019229632246781e-39
RQ2,clean,Laya,Jev-1.13.0,300,-0.84,-0.88,-0.7966666666666666,2.7635739376302223e-76,0.13,0.09333333333333334,0.17,3.637978807091713e-12,983.4551886792453,2.2945312487668057e-210,188.3,9.019229632246781e-39
RQ2,codeswitch,DeepSeek-V4.1-Flash,Jev-1.13.0,300,0.06333333333333334,0.03333333333333333,0.09666666666666666,0.00015652179718017578,0.0,0.0,0.0,1.0,984.9050632911392,1.1138211180978323e-210,171.92307692307693,2.836313723803184e-35
RQ2,codeswitch,GLM-5.3-Flash,Jev-1.13.0,300,0.043333333333333335,0.006666666666666667,0.08333333333333333,0.03508203336969018,0.0033333333333333335,0.0,0.01,1.0,984.9050632911392,1.1138211180978323e-210,171.92307692307693,2.836313723803184e-35
RQ2,codeswitch,Qwen3.8-Flash,Jev-1.13.0,300,0.043333333333333335,0.01,0.07666666666666666,0.0191572904586792,0.0,0.0,0.0,1.0,984.9050632911392,1.1138211180978323e-210,171.92307692307693,2.836313723803184e-35
RQ2,codeswitch,SemIf-Qwen3.5-4B,Jev-1.13.0,300,-0.39666666666666667,-0.45666666666666667,-0.33666666666666667,2.416903439463509e-29,0.0033333333333333335,0.0,0.01,1.0,984.9050632911392,1.1138211180978323e-210,171.92307692307693,2.836313723803184e-35
RQ2,codeswitch,Laya,Jev-1.13.0,300,-0.8533333333333334,-0.8933333333333333,-0.81,1.727233711018889e-77,0.12333333333333334,0.08666666666666667,0.16,1.4551915228366852e-11,984.9050632911392,1.1138211180978323e-210,171.92307692307693,2.836313723803184e-35
RQ2,colloquial,DeepSeek-V4.1-Flash,Jev-1.13.0,300,0.05333333333333334,0.02666666666666667,0.08333333333333333,0.00014495849609375,0.0,0.0,0.0,1.0,989.7042864894195,1.0182105325534507e-211,98.0,1.3946136529968364e-19
RQ2,colloquial,GLM-5.3-Flash,Jev-1.13.0,300,0.04,0.01,0.07333333333333333,0.022655844688415527,0.0,0.0,0.0,1.0,989.7042864894195,1.0182105325534507e-211,98.0,1.3946136529968364e-19
RQ2,colloquial,Qwen3.8-Flash,Jev-1.13.0,300,0.02,-0.013333333333333334,0.056666666666666664,0.34492845088243484,0.0,0.0,0.0,1.0,989.7042864894195,1.0182105325534507e-211,98.0,1.3946136529968364e-19
RQ2,colloquial,SemIf-Qwen3.5-4B,Jev-1.13.0,300,-0.43666666666666665,-0.49333333333333335,-0.38,2.4611912970341645e-38,0.006666666666666667,0.0,0.016666666666666666,0.5,989.7042864894195,1.0182105325534507e-211,98.0,1.3946136529968364e-19
RQ2,colloquial,Laya,Jev-1.13.0,300,-0.84,-0.88,-0.7966666666666666,1.7617783852392667e-74,0.07333333333333333,0.04666666666666667,0.10333333333333333,4.76837158203125e-07,989.7042864894195,1.0182105325534507e-211,98.0,1.3946136529968364e-19
RQ2,defaultbait,DeepSeek-V4.1-Flash,Jev-1.13.0,300,-0.08,-0.13666666666666666,-0.023333333333333334,0.007084252673880489,-0.02666666666666667,-0.05,-0.006666666666666667,0.03857421875,389.9121706398996,4.42847399455596e-82,82.6829268292683,2.3026784975986925e-16
RQ2,defaultbait,GLM-5.3-Flash,Jev-1.13.0,300,0.043333333333333335,-0.006666666666666667,0.09333333333333334,0.11747735024505848,-0.02666666666666667,-0.05,-0.006666666666666667,0.03857421875,389.9121706398996,4.42847399455596e-82,82.6829268292683,2.3026784975986925e-16
RQ2,defaultbait,Qwen3.8-Flash,Jev-1.13.0,300,-0.14,-0.19666666666666666,-0.08333333333333333,3.714641593828418e-06,0.006666666666666667,-0.016666666666666666,0.03,0.79052734375,389.9121706398996,4.42847399455596e-82,82.6829268292683,2.3026784975986925e-16
RQ2,defaultbait,SemIf-Qwen3.5-4B,Jev-1.13.0,300,-0.24333333333333335,-0.30333333333333334,-0.18,3.5057799981190235e-13,-0.023333333333333334,-0.046749999999999924,0.0,0.09228515625,389.9121706398996,4.42847399455596e-82,82.6829268292683,2.3026784975986925e-16
RQ2,defaultbait,Laya,Jev-1.13.0,300,-0.5466666666666666,-0.6066666666666667,-0.4866666666666667,1.2046429184106553e-44,0.09,0.05,0.13333333333333333,4.1934157934520044e-05,389.9121706398996,4.42847399455596e-82,82.6829268292683,2.3026784975986925e-16
RQ2,keyvalue,DeepSeek-V4.1-Flash,Jev-1.13.0,300,0.056666666666666664,0.03,0.08666666666666667,7.62939453125e-05,0.0,0.0,0.0,1.0,939.646754738656,6.981541136191903e-201,50.0,1.3857973367009573e-09
RQ2,keyvalue,GLM-5.3-Flash,Jev-1.13.0,300,0.043333333333333335,0.013333333333333334,0.07333333333333333,0.010622024536132812,0.0,0.0,0.0,1.0,939.646754738656,6.981541136191903e-201,50.0,1.3857973367009573e-09
RQ2,keyvalue,Qwen3.8-Flash,Jev-1.13.0,300,0.02,-0.013333333333333334,0.05333333333333334,0.30745625495910645,0.0,0.0,0.0,1.0,939.646754738656,6.981541136191903e-201,50.0,1.3857973367009573e-09
RQ2,keyvalue,SemIf-Qwen3.5-4B,Jev-1.13.0,300,-0.31666666666666665,-0.37333333333333335,-0.26,5.006007865146344e-24,0.0,0.0,0.0,1.0,939.646754738656,6.981541136191903e-201,50.0,1.3857973367009573e-09
RQ2,keyvalue,Laya,Jev-1.13.0,300,-0.82,-0.8633333333333333,-0.7733333333333333,1.1010078567518806e-72,0.03333333333333333,0.013333333333333334,0.056666666666666664,0.001953125,939.646754738656,6.981541136191903e-201,50.0,1.3857973367009573e-09
RQ2,negation,DeepSeek-V4.1-Flash,Jev-1.13.0,300,0.05,0.016666666666666666,0.08333333333333333,0.005924612283706665,0.0,0.0,0.0,1.0,912.5586353944562,5.093860353038622e-195,120.3125,2.6948894587757066e-24
RQ2,negation,GLM-5.3-Flash,Jev-1.13.0,300,-0.013333333333333334,-0.056666666666666664,0.03,0.6439689563703723,0.0,0.0,0.0,1.0,912.5586353944562,5.093860353038622e-195,120.3125,2.6948894587757066e-24
RQ2,negation,Qwen3.8-Flash,Jev-1.13.0,300,0.03333333333333333,-0.0033333333333333335,0.07,0.09873714670538905,0.0,0.0,0.0,1.0,912.5586353944562,5.093860353038622e-195,120.3125,2.6948894587757066e-24
RQ2,negation,SemIf-Qwen3.5-4B,Jev-1.13.0,300,-0.4033333333333333,-0.4633333333333333,-0.3466666666666667,4.014360227832145e-33,0.0033333333333333335,0.0,0.01,1.0,912.5586353944562,5.093860353038622e-195,120.3125,2.6948894587757066e-24
RQ2,negation,Laya,Jev-1.13.0,300,-0.8333333333333334,-0.8733333333333333,-0.7933333333333333,1.105429575052089e-75,0.08333333333333333,0.05333333333333334,0.11666666666666667,5.960464477539063e-08,912.5586353944562,5.093860353038622e-195,120.3125,2.6948894587757066e-24
RQ2,noise,DeepSeek-V4.1-Flash,Jev-1.13.0,300,0.04,0.01,0.07333333333333333,0.022655844688415527,0.0,0.0,0.0,1.0,912.686403508772,4.77962191878147e-195,171.0487804878049,4.35835439474584e-35
RQ2,noise,GLM-5.3-Flash,Jev-1.13.0,300,0.0033333333333333335,-0.03333333333333333,0.04,1.0,0.006666666666666667,0.0,0.016666666666666666,0.5,912.686403508772,4.77962191878147e-195,171.0487804878049,4.35835439474584e-35
RQ2,noise,Qwen3.8-Flash,Jev-1.13.0,300,0.016666666666666666,-0.016666666666666666,0.05,0.44206833839416504,0.0033333333333333335,0.0,0.01,1.0,912.686403508772,4.77962191878147e-195,171.0487804878049,4.35835439474584e-35
RQ2,noise,SemIf-Qwen3.5-4B,Jev-1.13.0,300,-0.37333333333333335,-0.43333333333333335,-0.31666666666666665,1.2793397411072627e-29,0.0,0.0,0.0,1.0,912.686403508772,4.77962191878147e-195,171.0487804878049,4.35835439474584e-35
RQ2,noise,Laya,Jev-1.13.0,300,-0.8333333333333334,-0.8733333333333333,-0.79,1.105429575052089e-75,0.12666666666666668,0.09,0.16333333333333333,7.275957614183426e-12,912.686403508772,4.77962191878147e-195,171.0487804878049,4.35835439474584e-35
RQ2,revised,DeepSeek-V4.1-Flash,Jev-1.13.0,300,0.043333333333333335,0.016666666666666666,0.07,0.002349853515625,0.0,0.0,0.0,1.0,1013.7842926304464,6.231026701103074e-217,172.23076923076923,2.43832235913117e-35
RQ2,revised,GLM-5.3-Flash,Jev-1.13.0,300,0.02,-0.006666666666666667,0.05,0.237884521484375,0.0,0.0,0.0,1.0,1013.7842926304464,6.231026701103074e-217,172.23076923076923,2.43832235913117e-35
RQ2,revised,Qwen3.8-Flash,Jev-1.13.0,300,0.04,0.013333333333333334,0.06666666666666667,0.007537841796875,0.0,0.0,0.0,1.0,1013.7842926304464,6.231026701103074e-217,172.23076923076923,2.43832235913117e-35
RQ2,revised,SemIf-Qwen3.5-4B,Jev-1.13.0,300,-0.42,-0.48,-0.36333333333333334,1.4085324324529597e-34,0.006666666666666667,0.0,0.016666666666666666,0.5,1013.7842926304464,6.231026701103074e-217,172.23076923076923,2.43832235913117e-35
RQ2,revised,Laya,Jev-1.13.0,300,-0.8666666666666667,-0.9066666666666666,-0.8266666666666667,7.097851031218247e-77,0.12333333333333334,0.08666666666666667,0.16333333333333333,1.4551915228366852e-11,1013.7842926304464,6.231026701103074e-217,172.23076923076923,2.43832235913117e-35
RQ3,F4_low,DeepSeek-V4.1-Flash,Jev-1.13.0,300,0.06,0.02666666666666667,0.09333333333333334,0.0005335211753845215,0.0033333333333333335,0.0,0.01,1.0,702.2753623188406,1.582255254714295e-149,94.69465648854961,6.923223210035061e-19
RQ3,F4_low,GLM-5.3-Flash,Jev-1.13.0,300,-0.02666666666666667,-0.07333333333333333,0.02,0.3222363203575469,0.0033333333333333335,0.0,0.01,1.0,702.2753623188406,1.582255254714295e-149,94.69465648854961,6.923223210035061e-19
RQ3,F4_low,Qwen3.8-Flash,Jev-1.13.0,300,0.06,0.02666666666666667,0.09333333333333334,0.0005335211753845215,0.0,0.0,0.0,1.0,702.2753623188406,1.582255254714295e-149,94.69465648854961,6.923223210035061e-19
RQ3,F4_low,SemIf-Qwen3.5-4B,Jev-1.13.0,300,-0.38,-0.44,-0.3233333333333333,2.2085107929633282e-29,0.006666666666666667,0.0,0.016666666666666666,0.5,702.2753623188406,1.582255254714295e-149,94.69465648854961,6.923223210035061e-19
RQ3,F4_low,Laya,Jev-1.13.0,300,-0.67,-0.7266666666666667,-0.61,1.0562440012482636e-51,0.07666666666666666,0.04666666666666667,0.11,2.384185791015625e-07,702.2753623188406,1.582255254714295e-149,94.69465648854961,6.923223210035061e-19
RQ3,F4_medium,DeepSeek-V4.1-Flash,Jev-1.13.0,300,0.016666666666666666,-0.006666666666666667,0.043333333333333335,0.30175781249999994,0.0,0.0,0.0,1.0,856.0099750623441,8.807524997535162e-183,164.00497512437812,1.386105087644411e-33
RQ3,F4_medium,GLM-5.3-Flash,Jev-1.13.0,300,0.03,0.0033333333333333335,0.056666666666666664,0.049041748046875,0.0,0.0,0.0,1.0,856.0099750623441,8.807524997535162e-183,164.00497512437812,1.386105087644411e-33
RQ3,F4_medium,Qwen3.8-Flash,Jev-1.13.0,300,0.016666666666666666,-0.01,0.043333333333333335,0.359283447265625,0.0033333333333333335,0.0,0.01,1.0,856.0099750623441,8.807524997535162e-183,164.00497512437812,1.386105087644411e-33
RQ3,F4_medium,SemIf-Qwen3.5-4B,Jev-1.13.0,300,-0.35333333333333333,-0.41,-0.2966666666666667,9.40778259234277e-30,0.01,0.0,0.023333333333333334,0.25,856.0099750623441,8.807524997535162e-183,164.00497512437812,1.386105087644411e-33
RQ3,F4_medium,Laya,Jev-1.13.0,300,-0.75,-0.8,-0.7,3.7092061506874214e-68,0.12333333333333334,0.08666666666666667,0.16,1.4551915228366852e-11,856.0099750623441,8.807524997535162e-183,164.00497512437812,1.386105087644411e-33
RQ3,F4_high,DeepSeek-V4.1-Flash,Jev-1.13.0,300,0.006666666666666667,-0.016666666666666666,0.03,0.7744140625,0.0,0.0,0.0,1.0,952.4859987554449,1.16082616828861e-203,293.1967213114754,2.9049219702871315e-61
RQ3,F4_high,GLM-5.3-Flash,Jev-1.13.0,300,0.03,0.013333333333333334,0.05,0.00390625,0.0,0.0,0.0,1.0,952.4859987554449,1.16082616828861e-203,293.1967213114754,2.9049219702871315e-61
RQ3,F4_high,Qwen3.8-Flash,Jev-1.13.0,300,0.02,0.0,0.04,0.109375,0.0,0.0,0.0,1.0,952.4859987554449,1.16082616828861e-203,293.1967213114754,2.9049219702871315e-61
RQ3,F4_high,SemIf-Qwen3.5-4B,Jev-1.13.0,300,-0.31666666666666665,-0.37333333333333335,-0.2633333333333333,1.5622601366996918e-26,0.0033333333333333335,0.0,0.01,1.0,952.4859987554449,1.16082616828861e-203,293.1967213114754,2.9049219702871315e-61
RQ3,F4_high,Laya,Jev-1.13.0,300,-0.81,-0.8533333333333334,-0.7633333333333333,1.4149498560666738e-73,0.2,0.15666666666666668,0.24666666666666667,1.734723475976807e-18,952.4859987554449,1.16082616828861e-203,293.1967213114754,2.9049219702871315e-61
RQ3,F6_low,DeepSeek-V4.1-Flash,Jev-1.13.0,300,0.17,0.12666666666666668,0.21666666666666667,4.2901793229077607e-13,0.0,0.0,0.0,1.0,881.2902426944032,2.980095021442233e-188,245.0,6.498316394303597e-51
RQ3,F6_low,GLM-5.3-Flash,Jev-1.13.0,300,0.17666666666666667,0.12666666666666668,0.22666666666666666,1.3280368233066496e-11,0.0,0.0,0.0,1.0,881.2902426944032,2.980095021442233e-188,245.0,6.498316394303597e-51
RQ3,F6_low,Qwen3.8-Flash,Jev-1.13.0,300,0.11333333333333333,0.06666666666666667,0.16,5.37831811014966e-06,0.0,0.0,0.0,1.0,881.2902426944032,2.980095021442233e-188,245.0,6.498316394303597e-51
RQ3,F6_low,SemIf-Qwen3.5-4B,Jev-1.13.0,300,-0.38666666666666666,-0.45,-0.3233333333333333,3.60917488644731e-26,0.023333333333333334,0.006666666666666667,0.04,0.015625,881.2902426944032,2.980095021442233e-188,245.0,6.498316394303597e-51
RQ3,F6_low,Laya,Jev-1.13.0,300,-0.71,-0.7633333333333333,-0.6566666666666666,2.2460815945820228e-61,0.18666666666666668,0.14333333333333334,0.23333333333333334,2.7755575615628914e-17,881.2902426944032,2.980095021442233e-188,245.0,6.498316394303597e-51
RQ3,F6_medium,DeepSeek-V4.1-Flash,Jev-1.13.0,300,0.12333333333333334,0.08,0.16666666666666666,5.7277652842913085e-08,0.0,0.0,0.0,1.0,988.3221476510067,2.0279473445331873e-211,346.8987341772152,8.142733527162491e-73
RQ3,F6_medium,GLM-5.3-Flash,Jev-1.13.0,300,0.10666666666666667,0.06333333333333334,0.15333333333333332,9.063271916964766e-06,0.0,0.0,0.0,1.0,988.3221476510067,2.0279473445331873e-211,346.8987341772152,8.142733527162491e-73
RQ3,F6_medium,Qwen3.8-Flash,Jev-1.13.0,300,0.1,0.06,0.14333333333333334,2.8288777684792876e-06,0.0,0.0,0.0,1.0,988.3221476510067,2.0279473445331873e-211,346.8987341772152,8.142733527162491e-73
RQ3,F6_medium,SemIf-Qwen3.5-4B,Jev-1.13.0,300,-0.5033333333333333,-0.56,-0.44333333333333336,7.062478574331563e-42,0.02,0.006666666666666667,0.03666666666666667,0.03125,988.3221476510067,2.0279473445331873e-211,346.8987341772152,8.142733527162491e-73
RQ3,F6_medium,Laya,Jev-1.13.0,300,-0.7933333333333333,-0.84,-0.7433333333333333,8.321037113556895e-69,0.25,0.20333333333333334,0.3,5.293955920339377e-23,988.3221476510067,2.0279473445331873e-211,346.8987341772152,8.142733527162491e-73
RQ3,F6_high,DeepSeek-V4.1-Flash,Jev-1.13.0,300,0.20666666666666667,0.16,0.25666666666666665,5.99563801384484e-17,0.0,0.0,0.0,1.0,944.1596244131456,7.363913726884795e-202,380.4040404040404,4.95357954959312e-80
RQ3,F6_high,GLM-5.3-Flash,Jev-1.13.0,300,0.13333333333333333,0.08,0.19,4.713242239575157e-06,0.0,0.0,0.0,1.0,944.1596244131456,7.363913726884795e-202,380.4040404040404,4.95357954959312e-80
RQ3,F6_high,Qwen3.8-Flash,Jev-1.13.0,300,0.17333333333333334,0.13,0.22,4.4325654258159375e-14,0.0,0.0,0.0,1.0,944.1596244131456,7.363913726884795e-202,380.4040404040404,4.95357954959312e-80
RQ3,F6_high,SemIf-Qwen3.5-4B,Jev-1.13.0,300,-0.42,-0.48333333333333334,-0.3566666666666667,5.456553451893425e-30,0.006666666666666667,0.0,0.016666666666666666,0.5,944.1596244131456,7.363913726884795e-202,380.4040404040404,4.95357954959312e-80
RQ3,F6_high,Laya,Jev-1.13.0,300,-0.74,-0.79,-0.6866666666666666,4.757427808871687e-64,0.26,0.21333333333333335,0.31,6.617444900424222e-24,944.1596244131456,7.363913726884795e-202,380.4040404040404,4.95357954959312e-80
RQ3,F8_low,DeepSeek-V4.1-Flash,Jev-1.13.0,300,0.3233333333333333,0.2633333333333333,0.38333333333333336,1.1819170779356622e-21,0.0,0.0,0.0,1.0,852.5021720243267,5.057022598145093e-182,650.9322033898305,1.9906295843390623e-138
RQ3,F8_low,GLM-5.3-Flash,Jev-1.13.0,300,0.22666666666666666,0.16333333333333333,0.29,3.7651773363237467e-11,0.0,0.0,0.0,1.0,852.5021720243267,5.057022598145093e-182,650.9322033898305,1.9906295843390623e-138
RQ3,F8_low,Qwen3.8-Flash,Jev-1.13.0,300,0.24666666666666667,0.18333333333333332,0.31,1.1680094670975612e-12,0.0,0.0,0.0,1.0,852.5021720243267,5.057022598145093e-182,650.9322033898305,1.9906295843390623e-138
RQ3,F8_low,SemIf-Qwen3.5-4B,Jev-1.13.0,300,-0.44333333333333336,-0.5,-0.38666666666666666,1.0852659758470611e-37,0.023333333333333334,0.01,0.04,0.015625,852.5021720243267,5.057022598145093e-182,650.9322033898305,1.9906295843390623e-138
RQ3,F8_low,Laya,Jev-1.13.0,300,-0.5666666666666667,-0.6233333333333333,-0.51,5.779853685574373e-50,0.45666666666666667,0.4,0.5133333333333333,1.1479437019748901e-41,852.5021720243267,5.057022598145093e-182,650.9322033898305,1.9906295843390623e-138
RQ3,F8_medium,DeepSeek-V4.1-Flash,Jev-1.13.0,300,0.36333333333333334,0.30666666666666664,0.42,5.743453631889443e-28,-0.01,-0.023333333333333334,0.0,0.25,911.8932874354562,7.096617672558571e-195,617.5841184387617,3.208363323821527e-131
RQ3,F8_medium,GLM-5.3-Flash,Jev-1.13.0,300,0.27,0.20666666666666667,0.33,1.2358357144723343e-15,-0.01,-0.023333333333333334,0.0,0.25,911.8932874354562,7.096617672558571e-195,617.5841184387617,3.208363323821527e-131
RQ3,F8_medium,Qwen3.8-Flash,Jev-1.13.0,300,0.22333333333333333,0.16,0.2866666666666667,1.4884906475803411e-10,-0.01,-0.023333333333333334,0.0,0.25,911.8932874354562,7.096617672558571e-195,617.5841184387617,3.208363323821527e-131
RQ3,F8_medium,SemIf-Qwen3.5-4B,Jev-1.13.0,300,-0.4666666666666667,-0.5266666666666666,-0.4066666666666667,8.581873127276034e-37,0.03,0.006666666666666667,0.056666666666666664,0.03515625,911.8932874354562,7.096617672558571e-195,617.5841184387617,3.208363323821527e-131
RQ3,F8_medium,Laya,Jev-1.13.0,300,-0.5633333333333334,-0.62,-0.5066666666666667,2.6727647100921956e-51,0.45,0.3933333333333333,0.5066666666666667,4.591774807899561e-41,911.8932874354562,7.096617672558571e-195,617.5841184387617,3.208363323821527e-131
RQ3,F8_high,DeepSeek-V4.1-Flash,Jev-1.13.0,300,0.4033333333333333,0.3466666666666667,0.4633333333333333,3.340539241823565e-32,-0.0033333333333333335,-0.01,0.0,1.0,883.8917525773196,8.151457188068512e-189,511.94444444444446,2.1080062880711357e-108
RQ3,F8_high,GLM-5.3-Flash,Jev-1.13.0,300,0.33,0.26666666666666666,0.39,3.518195580823734e-22,-0.0033333333333333335,-0.01,0.0,1.0,883.8917525773196,8.151457188068512e-189,511.94444444444446,2.1080062880711357e-108
RQ3,F8_high,Qwen3.8-Flash,Jev-1.13.0,300,0.10666666666666667,0.043333333333333335,0.17333333333333334,0.002440008379349039,-0.0033333333333333335,-0.01,0.0,1.0,883.8917525773196,8.151457188068512e-189,511.94444444444446,2.1080062880711357e-108
RQ3,F8_high,SemIf-Qwen3.5-4B,Jev-1.13.0,300,-0.45666666666666667,-0.5166666666666667,-0.39666666666666667,6.201799122350081e-36,0.02,0.006666666666666667,0.03666666666666667,0.03125,883.8917525773196,8.151457188068512e-189,511.94444444444446,2.1080062880711357e-108
RQ3,F8_high,Laya,Jev-1.13.0,300,-0.5233333333333333,-0.58,-0.4666666666666667,1.0947644252537633e-47,0.36333333333333334,0.31,0.4166666666666667,3.0814879110195774e-33,883.8917525773196,8.151457188068512e-189,511.94444444444446,2.1080062880711357e-108
RQ4,K4,DeepSeek-V4.1-Flash,Jev-1.13.0,300,0.03666666666666667,0.006666666666666667,0.06666666666666667,0.02660369873046875,0.0,0.0,0.0,1.0,763.8120024494795,7.786355565640184e-163,187.14285714285714,1.5939209466336783e-38
RQ4,K4,GLM-5.3-Flash,Jev-1.13.0,300,0.02666666666666667,-0.006666666666666667,0.06333333333333334,0.20048842206597334,0.0,0.0,0.0,1.0,763.8120024494795,7.786355565640184e-163,187.14285714285714,1.5939209466336783e-38
RQ4,K4,Qwen3.8-Flash,Jev-1.13.0,300,0.03333333333333333,-0.0033333333333333335,0.07,0.11018416518345475,0.0,0.0,0.0,1.0,763.8120024494795,7.786355565640184e-163,187.14285714285714,1.5939209466336783e-38
RQ4,K4,SemIf-Qwen3.5-4B,Jev-1.13.0,300,-0.3,-0.36,-0.24333333333333335,8.07995881983345e-21,0.006666666666666667,0.0,0.016666666666666666,0.5,763.8120024494795,7.786355565640184e-163,187.14285714285714,1.5939209466336783e-38
RQ4,K4,Laya,Jev-1.13.0,300,-0.7133333333333334,-0.7633333333333333,-0.66,7.596454196607839e-65,0.13333333333333333,0.09666666666666666,0.17333333333333334,1.8189894035458565e-12,763.8120024494795,7.786355565640184e-163,187.14285714285714,1.5939209466336783e-38
RQ4,K15,DeepSeek-V4.1-Flash,Jev-1.13.0,300,0.08,0.04666666666666667,0.11666666666666667,1.9301194697618484e-05,0.0,0.0,0.0,1.0,816.5337796713329,3.064201275759677e-174,220.0,1.4858276566916796e-45
RQ4,K15,GLM-5.3-Flash,Jev-1.13.0,300,0.06,0.02666666666666667,0.09333333333333334,0.0009122341871261597,0.0,0.0,0.0,1.0,816.5337796713329,3.064201275759677e-174,220.0,1.4858276566916796e-45
RQ4,K15,Qwen3.8-Flash,Jev-1.13.0,300,0.043333333333333335,0.006666666666666667,0.08,0.029449373483657837,0.0,0.0,0.0,1.0,816.5337796713329,3.064201275759677e-174,220.0,1.4858276566916796e-45
RQ4,K15,SemIf-Qwen3.5-4B,Jev-1.13.0,300,-0.2633333333333333,-0.32,-0.21,1.4238763300826186e-19,0.0,0.0,0.0,1.0,816.5337796713329,3.064201275759677e-174,220.0,1.4858276566916796e-45
RQ4,K15,Laya,Jev-1.13.0,300,-0.7233333333333334,-0.7733333333333333,-0.67,5.222562260167889e-64,0.14666666666666667,0.10666666666666667,0.18666666666666668,1.1368683772161603e-13,816.5337796713329,3.064201275759677e-174,220.0,1.4858276566916796e-45
RQ4,K64,DeepSeek-V4.1-Flash,Jev-1.13.0,300,0.08666666666666667,0.04666666666666667,0.12666666666666668,6.87711149112147e-05,0.0,0.0,0.0,1.0,1226.8318318318318,4.528042800801335e-263,380.0,6.052945255093596e-80
RQ4,K64,GLM-5.3-Flash,Jev-1.13.0,300,0.10666666666666667,0.07,0.14666666666666667,6.677873898297548e-08,0.0,0.0,0.0,1.0,1226.8318318318318,4.528042800801335e-263,380.0,6.052945255093596e-80
RQ4,K64,Qwen3.8-Flash,Jev-1.13.0,300,0.09666666666666666,0.06,0.13666666666666666,1.0843941709026694e-06,0.0,0.0,0.0,1.0,1226.8318318318318,4.528042800801335e-263,380.0,6.052945255093596e-80
RQ4,K64,SemIf-Qwen3.5-4B,Jev-1.13.0,300,-0.8666666666666667,-0.9033333333333333,-0.8266666666666667,1.0795210693868056e-78,0.0,0.0,0.0,1.0,1226.8318318318318,4.528042800801335e-263,380.0,6.052945255093596e-80
RQ4,K64,Laya,Jev-1.13.0,300,-0.76,-0.8066666666666666,-0.71,2.6775831900274823e-67,0.25333333333333335,0.20666666666666667,0.30333333333333334,2.6469779601696886e-23,1226.8318318318318,4.528042800801335e-263,380.0,6.052945255093596e-80
RQ4,K128,DeepSeek-V4.1-Flash,Jev-1.13.0,300,0.08,0.04,0.12,0.00011616700794547796,0.0,0.0,0.0,1.0,1249.7586501495089,4.891672676244697e-268,270.1438848920863,2.6063107009468386e-56
RQ4,K128,GLM-5.3-Flash,Jev-1.13.0,300,0.07666666666666666,0.04,0.11333333333333333,6.618769839406013e-05,0.0,0.0,0.0,1.0,1249.7586501495089,4.891672676244697e-268,270.1438848920863,2.6063107009468386e-56
RQ4,K128,Qwen3.8-Flash,Jev-1.13.0,300,0.056666666666666664,0.023333333333333334,0.09,0.0015137195587158203,0.0033333333333333335,0.0,0.01,1.0,1249.7586501495089,4.891672676244697e-268,270.1438848920863,2.6063107009468386e-56
RQ4,K128,SemIf-Qwen3.5-4B,Jev-1.13.0,300,-0.8866666666666667,-0.9233333333333333,-0.85,1.6867516709168837e-80,0.0,0.0,0.0,1.0,1249.7586501495089,4.891672676244697e-268,270.1438848920863,2.6063107009468386e-56
RQ4,K128,Laya,Jev-1.13.0,300,-0.8033333333333333,-0.8466666666666667,-0.7566666666666667,5.659799424266695e-73,0.18333333333333332,0.14,0.22666666666666666,5.551115123125783e-17,1249.7586501495089,4.891672676244697e-268,270.1438848920863,2.6063107009468386e-56
RQ4,K254,DeepSeek-V4.1-Flash,Jev-1.13.0,300,0.03333333333333333,0.0,0.06666666666666667,0.07551869750022888,0.0,0.0,0.0,1.0,1380.986760446835,1.8137664290055504e-296,0.0,1.0
RQ4,K254,GLM-5.3-Flash,Jev-1.13.0,300,0.043333333333333335,0.013333333333333334,0.07333333333333333,0.007197380065917969,0.0,0.0,0.0,1.0,1380.986760446835,1.8137664290055504e-296,0.0,1.0
RQ4,K254,Qwen3.8-Flash,Jev-1.13.0,300,0.02666666666666667,-0.0033333333333333335,0.056666666666666664,0.13380050659179688,0.0,0.0,0.0,1.0,1380.986760446835,1.8137664290055504e-296,0.0,1.0
RQ4,K254,SemIf-Qwen3.5-4B,Jev-1.13.0,300,-0.9366666666666666,-0.9633333333333334,-0.9066666666666666,5.147557589468029e-85,0.0,0.0,0.0,1.0,1380.986760446835,1.8137664290055504e-296,0.0,1.0
RQ4,K254,Laya,Jev-1.13.0,300,-0.9366666666666666,-0.9633333333333334,-0.9066666666666666,5.147557589468029e-85,0.0,0.0,0.0,1.0,1380.986760446835,1.8137664290055504e-296,0.0,1.0
RQ4,churn25,DeepSeek-V4.1-Flash,Jev-1.13.0,300,0.07333333333333333,0.03666666666666667,0.11,0.00019512558355927467,0.0,0.0,0.0,1.0,1274.5405753542293,2.093638628556017e-273,270.0,2.798503727075252e-56
RQ4,churn25,GLM-5.3-Flash,Jev-1.13.0,300,0.07666666666666666,0.043333333333333335,0.11008333333333212,1.5236437320709229e-05,0.0,0.0,0.0,1.0,1274.5405753542293,2.093638628556017e-273,270.0,2.798503727075252e-56
RQ4,churn25,Qwen3.8-Flash,Jev-1.13.0,300,0.08333333333333333,0.05,0.11666666666666667,1.6242265701293945e-06,0.0,0.0,0.0,1.0,1274.5405753542293,2.093638628556017e-273,270.0,2.798503727075252e-56
RQ4,churn25,SemIf-Qwen3.5-4B,Jev-1.13.0,300,-0.9033333333333333,-0.9333333333333333,-0.87,5.271098971615262e-82,0.0,0.0,0.0,1.0,1274.5405753542293,2.093638628556017e-273,270.0,2.798503727075252e-56
RQ4,churn25,Laya,Jev-1.13.0,300,-0.7866666666666666,-0.8333333333333334,-0.74,1.0821536499197921e-69,0.18,0.14,0.22333333333333333,1.1102230246251565e-16,1274.5405753542293,2.093638628556017e-273,270.0,2.798503727075252e-56
RQ4,churn50,DeepSeek-V4.1-Flash,Jev-1.13.0,300,0.04666666666666667,0.01,0.08333333333333333,0.020061607006937265,0.0,0.0,0.0,1.0,1232.2395833333333,3.05135493432706e-264,235.6374501992032,6.617294460434206e-49
RQ4,churn50,GLM-5.3-Flash,Jev-1.13.0,300,0.06333333333333334,0.02666666666666667,0.1,0.0013187271542847157,0.0,0.0,0.0,1.0,1232.2395833333333,3.05135493432706e-264,235.6374501992032,6.617294460434206e-49
RQ4,churn50,Qwen3.8-Flash,Jev-1.13.0,300,0.06666666666666667,0.03333333333333333,0.10333333333333333,0.00017999112606048584,0.006666666666666667,0.0,0.016666666666666666,0.5,1232.2395833333333,3.05135493432706e-264,235.6374501992032,6.617294460434206e-49
RQ4,churn50,SemIf-Qwen3.5-4B,Jev-1.13.0,300,-0.91,-0.94,-0.8766666666666667,1.3177747429038154e-82,0.0,0.0,0.0,1.0,1232.2395833333333,3.05135493432706e-264,235.6374501992032,6.617294460434206e-49
RQ4,churn50,Laya,Jev-1.13.0,300,-0.7666666666666667,-0.8166666666666667,-0.7166666666666667,6.751914321173197e-68,0.16333333333333333,0.12333333333333334,0.20666666666666667,3.552713678800501e-15,1232.2395833333333,3.05135493432706e-264,235.6374501992032,6.617294460434206e-49
