hypothesis,rq,family,contrast,model,reference_model,level,null_val,direction,estimate,ci_low,ci_high,raw_p,holm_p,p_floor,gated,verdict,flag_low_valid,notes
H1(a),RQ1a,latency_contrast,DeepSeek-V4.1-Flash - Jev-1.13.0 @ base,DeepSeek-V4.1-Flash,Jev-1.13.0,base,0.0,>,0.10914462432265282,0.10152216721326113,0.11719306325539947,1.2636218899854194e-46,3.790865669956258e-46,False,False,resolved,,n_paired=300
H1(a),RQ1a,latency_contrast,DeepSeek-V4.1-Flash - Jev-1.13.0 @ pad_512,DeepSeek-V4.1-Flash,Jev-1.13.0,pad_512,0.0,>,0.2166348546743393,0.20365845784544945,0.23139383364468813,9.744216998032375e-49,5.846530198819425e-48,False,False,resolved,,n_paired=300
H1(a),RQ1a,latency_contrast,DeepSeek-V4.1-Flash - Jev-1.13.0 @ pad_2048,DeepSeek-V4.1-Flash,Jev-1.13.0,pad_2048,0.0,>,0.26942789601162076,0.256545084528625,0.28266107394592827,9.618300460831354e-50,6.732810322581948e-49,False,False,resolved,,n_paired=300
H1(a),RQ1a,latency_contrast,DeepSeek-V4.1-Flash - Jev-1.13.0 @ pad_8192,DeepSeek-V4.1-Flash,Jev-1.13.0,pad_8192,0.0,>,0.16471110377460718,0.15081437584012747,0.18291700072586536,6.841463995394948e-42,6.841463995394948e-42,False,False,resolved,,n_paired=300
H1(a),RQ1a,latency_contrast,DeepSeek-V4.1-Flash - Jev-1.13.0 @ pad_16384,DeepSeek-V4.1-Flash,Jev-1.13.0,pad_16384,0.0,>,0.21791347907856107,0.20428357211640105,0.2363428333774209,5.819934446761318e-46,1.1639868893522636e-45,False,False,resolved,,n_paired=300
H1(a),RQ1a,latency_contrast,GLM-5.3-Flash - Jev-1.13.0 @ base,GLM-5.3-Flash,Jev-1.13.0,base,0.0,>,0.3699988960288465,0.34676064597442746,0.3956393997767008,5.410919198664755e-50,4.8698272787982794e-49,False,False,resolved,,n_paired=300
H1(a),RQ1a,latency_contrast,GLM-5.3-Flash - Jev-1.13.0 @ pad_512,GLM-5.3-Flash,Jev-1.13.0,pad_512,0.0,>,0.4474524585530162,0.42503625014796853,0.4703887915238738,6.460752129436321e-51,1.216711969938288e-49,False,False,resolved,,n_paired=300
H1(a),RQ1a,latency_contrast,GLM-5.3-Flash - Jev-1.13.0 @ pad_2048,GLM-5.3-Flash,Jev-1.13.0,pad_2048,0.0,>,0.40015387535095215,0.36980685498565435,0.42746264580637217,6.083559849691439e-51,1.216711969938288e-49,False,False,resolved,,n_paired=300
H1(a),RQ1a,latency_contrast,GLM-5.3-Flash - Jev-1.13.0 @ pad_8192,GLM-5.3-Flash,Jev-1.13.0,pad_8192,0.0,>,0.750936291180551,0.72244375012815,0.8109107087366283,7.811202844043988e-50,6.2489622752351906e-49,False,False,resolved,,n_paired=300
H1(a),RQ1a,latency_contrast,GLM-5.3-Flash - Jev-1.13.0 @ pad_16384,GLM-5.3-Flash,Jev-1.13.0,pad_16384,0.0,>,1.156383104622364,1.0720234597101808,1.2181214578449726,1.6734332568029296e-47,6.693733027211718e-47,False,False,resolved,,n_paired=300
H1(a),RQ1a,latency_contrast,Qwen3.8-Flash - Jev-1.13.0 @ base,Qwen3.8-Flash,Jev-1.13.0,base,0.0,>,1.4722897913306952,1.3787198336794972,1.616199562791735,6.083559849691439e-51,1.216711969938288e-49,False,False,resolved,,n_paired=300
H1(a),RQ1a,latency_contrast,Qwen3.8-Flash - Jev-1.13.0 @ pad_512,Qwen3.8-Flash,Jev-1.13.0,pad_512,0.0,>,1.3579532080329955,1.2939687483012676,1.4586346875876188,6.083559849691439e-51,1.216711969938288e-49,False,False,resolved,,n_paired=300
H1(a),RQ1a,latency_contrast,Qwen3.8-Flash - Jev-1.13.0 @ pad_2048,Qwen3.8-Flash,Jev-1.13.0,pad_2048,0.0,>,1.3142918744124472,1.2736089993268251,1.3485235408879817,6.083559849691439e-51,1.216711969938288e-49,False,False,resolved,,n_paired=300
H1(a),RQ1a,latency_contrast,Qwen3.8-Flash - Jev-1.13.0 @ pad_8192,Qwen3.8-Flash,Jev-1.13.0,pad_8192,0.0,>,1.9937119372189045,1.9460922088474035,2.0656437086872756,6.083559849691439e-51,1.216711969938288e-49,False,False,resolved,,n_paired=300
H1(a),RQ1a,latency_contrast,Qwen3.8-Flash - Jev-1.13.0 @ pad_16384,Qwen3.8-Flash,Jev-1.13.0,pad_16384,0.0,>,2.497356833424419,2.4160528546199203,2.553068770095706,9.840195832113446e-49,5.846530198819425e-48,False,False,resolved,,n_paired=300
H1(a),RQ1a,latency_contrast,Qwen3.5-4B-JSON - SemIf-Qwen3.5-4B @ base,Qwen3.5-4B-JSON,SemIf-Qwen3.5-4B,base,0.0,>,0.6480167263653129,0.6350168730132282,0.6494648335501552,6.083559849691439e-51,1.216711969938288e-49,False,False,resolved,,n_paired=300
H1(a),RQ1a,latency_contrast,Qwen3.5-4B-JSON - SemIf-Qwen3.5-4B @ pad_512,Qwen3.5-4B-JSON,SemIf-Qwen3.5-4B,pad_512,0.0,>,0.6369948135688901,0.6330108735710382,0.646044924389571,6.083559849691439e-51,1.216711969938288e-49,False,False,resolved,,n_paired=300
H1(a),RQ1a,latency_contrast,Qwen3.5-4B-JSON - SemIf-Qwen3.5-4B @ pad_2048,Qwen3.5-4B-JSON,SemIf-Qwen3.5-4B,pad_2048,0.0,>,0.6449662721715868,0.6434873745311052,0.6459865260287188,6.083559849691439e-51,1.216711969938288e-49,False,False,resolved,,n_paired=300
H1(a),RQ1a,latency_contrast,Qwen3.5-4B-JSON - SemIf-Qwen3.5-4B @ pad_8192,Qwen3.5-4B-JSON,SemIf-Qwen3.5-4B,pad_8192,0.0,>,0.5340353189967573,0.531972817145288,0.5369461197406054,6.083559849691439e-51,1.216711969938288e-49,False,False,resolved,,n_paired=300
H1(a),RQ1a,latency_contrast,Qwen3.5-4B-JSON - SemIf-Qwen3.5-4B @ pad_16384,Qwen3.5-4B-JSON,SemIf-Qwen3.5-4B,pad_16384,0.0,>,0.39299962064251304,0.3909925613552332,0.394985708873719,6.083559849691439e-51,1.216711969938288e-49,False,False,resolved,,n_paired=300
H1(b),RQ1a,ratio_test,G_Jev-1.13.0(16K) / G_DeepSeek-V4.1-Flash(16K),Jev-1.13.0,DeepSeek-V4.1-Flash,pad_16384 vs base,1.0,<,0.9044786990413897,0.8647760506296848,0.9403239451549315,9.999000099990002e-05,0.00039996000399960006,True,False,resolved,,n_cases=300
H1(b),RQ1a,ratio_test,G_Jev-1.13.0(16K) / G_GLM-5.3-Flash(16K),Jev-1.13.0,GLM-5.3-Flash,pad_16384 vs base,1.0,<,0.6219974713076829,0.5852706860051842,0.6634844371993451,9.999000099990002e-05,0.00039996000399960006,True,False,resolved,,n_cases=300
H1(b),RQ1a,ratio_test,G_Jev-1.13.0(16K) / G_Qwen3.8-Flash(16K),Jev-1.13.0,Qwen3.8-Flash,pad_16384 vs base,1.0,<,0.9285528994322293,0.8663405060911994,0.9863884564233345,0.0184,0.0184,False,False,resolved,,n_cases=300
H1(b),RQ1a,ratio_test,G_SemIf-Qwen3.5-4B(16K) / G_Qwen3.5-4B-JSON(16K),SemIf-Qwen3.5-4B,Qwen3.5-4B-JSON,pad_16384 vs base,1.0,<,4.675284609834216,4.665493173928162,4.701321928769149,9.999000099990002e-05,0.00039996000399960006,True,False,not resolved,,n_cases=300
H2,RQ1b,ratio_test,R_Jev-1.13.0(8) / R_DeepSeek-V4.1-Flash(8),Jev-1.13.0,DeepSeek-V4.1-Flash,k8 vs k1,1.0,<,0.49416071010202584,0.467870465049327,0.5194618589287175,9.999000099990002e-05,0.00039996000399960006,True,False,resolved,,n_cases=300
H2,RQ1b,ratio_test,R_Jev-1.13.0(8) / R_GLM-5.3-Flash(8),Jev-1.13.0,GLM-5.3-Flash,k8 vs k1,1.0,<,0.3989144838612054,0.37913567925126657,0.4270797325157542,9.999000099990002e-05,0.00039996000399960006,True,False,resolved,,n_cases=300
H2,RQ1b,ratio_test,R_Jev-1.13.0(8) / R_Qwen3.8-Flash(8),Jev-1.13.0,Qwen3.8-Flash,k8 vs k1,1.0,<,0.36731410203837456,0.34957120256051627,0.38743172859143543,9.999000099990002e-05,0.00039996000399960006,True,False,resolved,,n_cases=300
H2,RQ1b,ratio_test,R_SemIf-Qwen3.5-4B(8) / R_Qwen3.5-4B-JSON(8),SemIf-Qwen3.5-4B,Qwen3.5-4B-JSON,k8 vs k1,1.0,<,0.5281034515805654,0.5148954326143073,0.574648511194334,9.999000099990002e-05,0.00039996000399960006,True,False,resolved,,n_cases=300
H3_omnibus,RQ2,omnibus_unsafe,Cochran's Q on unsafe across six @ clean,The Six,None,clean,0.0,>,188.3,188.3,188.3,9.019229632246781e-39,7.215383705797425e-38,False,False,resolved,,"df=5, n=300"
H3_omnibus,RQ2,omnibus_unsafe,Cochran's Q on unsafe across six @ codeswitch,The Six,None,codeswitch,0.0,>,171.92307692307693,171.92307692307693,171.92307692307693,2.836313723803184e-35,1.7068256513918188e-34,False,False,resolved,,"df=5, n=300"
H3_omnibus,RQ2,omnibus_unsafe,Cochran's Q on unsafe across six @ colloquial,The Six,None,colloquial,0.0,>,98.0,98.0,98.0,1.3946136529968364e-19,4.183840958990509e-19,False,False,resolved,,"df=5, n=300"
H3_omnibus,RQ2,omnibus_unsafe,Cochran's Q on unsafe across six @ defaultbait,The Six,None,defaultbait,0.0,>,82.6829268292683,82.6829268292683,82.6829268292683,2.3026784975986925e-16,4.605356995197385e-16,False,False,resolved,,"df=5, n=300"
H3_omnibus,RQ2,omnibus_unsafe,Cochran's Q on unsafe across six @ keyvalue,The Six,None,keyvalue,0.0,>,50.0,50.0,50.0,1.3857973367009573e-09,1.3857973367009573e-09,False,False,resolved,,"df=5, n=300"
H3_omnibus,RQ2,omnibus_unsafe,Cochran's Q on unsafe across six @ negation,The Six,None,negation,0.0,>,120.3125,120.3125,120.3125,2.6948894587757066e-24,1.0779557835102826e-23,False,False,resolved,,"df=5, n=300"
H3_omnibus,RQ2,omnibus_unsafe,Cochran's Q on unsafe across six @ noise,The Six,None,noise,0.0,>,171.0487804878049,171.0487804878049,171.0487804878049,4.35835439474584e-35,2.17917719737292e-34,False,False,resolved,,"df=5, n=300"
H3_omnibus,RQ2,omnibus_unsafe,Cochran's Q on unsafe across six @ revised,The Six,None,revised,0.0,>,172.23076923076923,172.23076923076923,172.23076923076923,2.43832235913117e-35,1.7068256513918188e-34,False,False,resolved,,"df=5, n=300"
H3_paired,RQ2,unsafe_contrast,DeepSeek-V4.1-Flash - Jev-1.13.0 unsafe @ clean,DeepSeek-V4.1-Flash,Jev-1.13.0,clean,0.0,!=,0.0,0.0,0.0,1.0,1.0,False,False,not resolved,,n_cases=300
H3_paired,RQ2,unsafe_contrast,GLM-5.3-Flash - Jev-1.13.0 unsafe @ clean,GLM-5.3-Flash,Jev-1.13.0,clean,0.0,!=,0.0,0.0,0.0,1.0,1.0,False,False,not resolved,,n_cases=300
H3_paired,RQ2,unsafe_contrast,Qwen3.8-Flash - Jev-1.13.0 unsafe @ clean,Qwen3.8-Flash,Jev-1.13.0,clean,0.0,!=,0.0,0.0,0.0,1.0,1.0,False,False,not resolved,,n_cases=300
H3_paired,RQ2,unsafe_contrast,SemIf-Qwen3.5-4B - Jev-1.13.0 unsafe @ clean,SemIf-Qwen3.5-4B,Jev-1.13.0,clean,0.0,!=,0.0033333333333333335,0.0,0.01,1.0,1.0,False,False,not resolved,,n_cases=300
H3_paired,RQ2,unsafe_contrast,Laya - Jev-1.13.0 unsafe @ clean,Laya,Jev-1.13.0,clean,0.0,!=,0.13,0.09333333333333334,0.17,3.637978807091713e-12,1.4551915228366852e-10,False,False,resolved,,n_cases=300
H3_paired,RQ2,unsafe_contrast,DeepSeek-V4.1-Flash - Jev-1.13.0 unsafe @ codeswitch,DeepSeek-V4.1-Flash,Jev-1.13.0,codeswitch,0.0,!=,0.0,0.0,0.0,1.0,1.0,False,False,not resolved,,n_cases=300
H3_paired,RQ2,unsafe_contrast,GLM-5.3-Flash - Jev-1.13.0 unsafe @ codeswitch,GLM-5.3-Flash,Jev-1.13.0,codeswitch,0.0,!=,0.0033333333333333335,0.0,0.01,1.0,1.0,False,False,not resolved,,n_cases=300
H3_paired,RQ2,unsafe_contrast,Qwen3.8-Flash - Jev-1.13.0 unsafe @ codeswitch,Qwen3.8-Flash,Jev-1.13.0,codeswitch,0.0,!=,0.0,0.0,0.0,1.0,1.0,False,False,not resolved,,n_cases=300
H3_paired,RQ2,unsafe_contrast,SemIf-Qwen3.5-4B - Jev-1.13.0 unsafe @ codeswitch,SemIf-Qwen3.5-4B,Jev-1.13.0,codeswitch,0.0,!=,0.0033333333333333335,0.0,0.01,1.0,1.0,False,False,not resolved,,n_cases=300
H3_paired,RQ2,unsafe_contrast,Laya - Jev-1.13.0 unsafe @ codeswitch,Laya,Jev-1.13.0,codeswitch,0.0,!=,0.12333333333333334,0.08666666666666667,0.16,1.4551915228366852e-11,5.529727786779404e-10,False,False,resolved,,n_cases=300
H3_paired,RQ2,unsafe_contrast,DeepSeek-V4.1-Flash - Jev-1.13.0 unsafe @ colloquial,DeepSeek-V4.1-Flash,Jev-1.13.0,colloquial,0.0,!=,0.0,0.0,0.0,1.0,1.0,False,False,not resolved,,n_cases=300
H3_paired,RQ2,unsafe_contrast,GLM-5.3-Flash - Jev-1.13.0 unsafe @ colloquial,GLM-5.3-Flash,Jev-1.13.0,colloquial,0.0,!=,0.0,0.0,0.0,1.0,1.0,False,False,not resolved,,n_cases=300
H3_paired,RQ2,unsafe_contrast,Qwen3.8-Flash - Jev-1.13.0 unsafe @ colloquial,Qwen3.8-Flash,Jev-1.13.0,colloquial,0.0,!=,0.0,0.0,0.0,1.0,1.0,False,False,not resolved,,n_cases=300
H3_paired,RQ2,unsafe_contrast,SemIf-Qwen3.5-4B - Jev-1.13.0 unsafe @ colloquial,SemIf-Qwen3.5-4B,Jev-1.13.0,colloquial,0.0,!=,0.006666666666666667,0.0,0.016666666666666666,0.5,1.0,False,False,not resolved,,n_cases=300
H3_paired,RQ2,unsafe_contrast,Laya - Jev-1.13.0 unsafe @ colloquial,Laya,Jev-1.13.0,colloquial,0.0,!=,0.07333333333333333,0.04666666666666667,0.10333333333333333,4.76837158203125e-07,1.6689300537109375e-05,False,False,resolved,,n_cases=300
H3_paired,RQ2,unsafe_contrast,DeepSeek-V4.1-Flash - Jev-1.13.0 unsafe @ defaultbait,DeepSeek-V4.1-Flash,Jev-1.13.0,defaultbait,0.0,!=,-0.02666666666666667,-0.05,-0.006666666666666667,0.03857421875,1.0,False,False,not resolved,,n_cases=300
H3_paired,RQ2,unsafe_contrast,GLM-5.3-Flash - Jev-1.13.0 unsafe @ defaultbait,GLM-5.3-Flash,Jev-1.13.0,defaultbait,0.0,!=,-0.02666666666666667,-0.05,-0.006666666666666667,0.03857421875,1.0,False,False,not resolved,,n_cases=300
H3_paired,RQ2,unsafe_contrast,Qwen3.8-Flash - Jev-1.13.0 unsafe @ defaultbait,Qwen3.8-Flash,Jev-1.13.0,defaultbait,0.0,!=,0.006666666666666667,-0.016666666666666666,0.03,0.79052734375,1.0,False,False,not resolved,,n_cases=300
H3_paired,RQ2,unsafe_contrast,SemIf-Qwen3.5-4B - Jev-1.13.0 unsafe @ defaultbait,SemIf-Qwen3.5-4B,Jev-1.13.0,defaultbait,0.0,!=,-0.023333333333333334,-0.046749999999999924,0.0,0.09228515625,1.0,False,False,not resolved,,n_cases=300
H3_paired,RQ2,unsafe_contrast,Laya - Jev-1.13.0 unsafe @ defaultbait,Laya,Jev-1.13.0,defaultbait,0.0,!=,0.09,0.05,0.13333333333333333,4.1934157934520044e-05,0.0014257613697736815,False,False,resolved,,n_cases=300
H3_paired,RQ2,unsafe_contrast,DeepSeek-V4.1-Flash - Jev-1.13.0 unsafe @ keyvalue,DeepSeek-V4.1-Flash,Jev-1.13.0,keyvalue,0.0,!=,0.0,0.0,0.0,1.0,1.0,False,False,not resolved,,n_cases=300
H3_paired,RQ2,unsafe_contrast,GLM-5.3-Flash - Jev-1.13.0 unsafe @ keyvalue,GLM-5.3-Flash,Jev-1.13.0,keyvalue,0.0,!=,0.0,0.0,0.0,1.0,1.0,False,False,not resolved,,n_cases=300
H3_paired,RQ2,unsafe_contrast,Qwen3.8-Flash - Jev-1.13.0 unsafe @ keyvalue,Qwen3.8-Flash,Jev-1.13.0,keyvalue,0.0,!=,0.0,0.0,0.0,1.0,1.0,False,False,not resolved,,n_cases=300
H3_paired,RQ2,unsafe_contrast,SemIf-Qwen3.5-4B - Jev-1.13.0 unsafe @ keyvalue,SemIf-Qwen3.5-4B,Jev-1.13.0,keyvalue,0.0,!=,0.0,0.0,0.0,1.0,1.0,False,False,not resolved,,n_cases=300
H3_paired,RQ2,unsafe_contrast,Laya - Jev-1.13.0 unsafe @ keyvalue,Laya,Jev-1.13.0,keyvalue,0.0,!=,0.03333333333333333,0.013333333333333334,0.056666666666666664,0.001953125,0.064453125,False,False,not resolved,,n_cases=300
H3_paired,RQ2,unsafe_contrast,DeepSeek-V4.1-Flash - Jev-1.13.0 unsafe @ negation,DeepSeek-V4.1-Flash,Jev-1.13.0,negation,0.0,!=,0.0,0.0,0.0,1.0,1.0,False,False,not resolved,,n_cases=300
H3_paired,RQ2,unsafe_contrast,GLM-5.3-Flash - Jev-1.13.0 unsafe @ negation,GLM-5.3-Flash,Jev-1.13.0,negation,0.0,!=,0.0,0.0,0.0,1.0,1.0,False,False,not resolved,,n_cases=300
H3_paired,RQ2,unsafe_contrast,Qwen3.8-Flash - Jev-1.13.0 unsafe @ negation,Qwen3.8-Flash,Jev-1.13.0,negation,0.0,!=,0.0,0.0,0.0,1.0,1.0,False,False,not resolved,,n_cases=300
H3_paired,RQ2,unsafe_contrast,SemIf-Qwen3.5-4B - Jev-1.13.0 unsafe @ negation,SemIf-Qwen3.5-4B,Jev-1.13.0,negation,0.0,!=,0.0033333333333333335,0.0,0.01,1.0,1.0,False,False,not resolved,,n_cases=300
H3_paired,RQ2,unsafe_contrast,Laya - Jev-1.13.0 unsafe @ negation,Laya,Jev-1.13.0,negation,0.0,!=,0.08333333333333333,0.05333333333333334,0.11666666666666667,5.960464477539063e-08,2.1457672119140625e-06,False,False,resolved,,n_cases=300
H3_paired,RQ2,unsafe_contrast,DeepSeek-V4.1-Flash - Jev-1.13.0 unsafe @ noise,DeepSeek-V4.1-Flash,Jev-1.13.0,noise,0.0,!=,0.0,0.0,0.0,1.0,1.0,False,False,not resolved,,n_cases=300
H3_paired,RQ2,unsafe_contrast,GLM-5.3-Flash - Jev-1.13.0 unsafe @ noise,GLM-5.3-Flash,Jev-1.13.0,noise,0.0,!=,0.006666666666666667,0.0,0.016666666666666666,0.5,1.0,False,False,not resolved,,n_cases=300
H3_paired,RQ2,unsafe_contrast,Qwen3.8-Flash - Jev-1.13.0 unsafe @ noise,Qwen3.8-Flash,Jev-1.13.0,noise,0.0,!=,0.0033333333333333335,0.0,0.01,1.0,1.0,False,False,not resolved,,n_cases=300
H3_paired,RQ2,unsafe_contrast,SemIf-Qwen3.5-4B - Jev-1.13.0 unsafe @ noise,SemIf-Qwen3.5-4B,Jev-1.13.0,noise,0.0,!=,0.0,0.0,0.0,1.0,1.0,False,False,not resolved,,n_cases=300
H3_paired,RQ2,unsafe_contrast,Laya - Jev-1.13.0 unsafe @ noise,Laya,Jev-1.13.0,noise,0.0,!=,0.12666666666666668,0.09,0.16333333333333333,7.275957614183426e-12,2.837623469531536e-10,False,False,resolved,,n_cases=300
H3_paired,RQ2,unsafe_contrast,DeepSeek-V4.1-Flash - Jev-1.13.0 unsafe @ revised,DeepSeek-V4.1-Flash,Jev-1.13.0,revised,0.0,!=,0.0,0.0,0.0,1.0,1.0,False,False,not resolved,,n_cases=300
H3_paired,RQ2,unsafe_contrast,GLM-5.3-Flash - Jev-1.13.0 unsafe @ revised,GLM-5.3-Flash,Jev-1.13.0,revised,0.0,!=,0.0,0.0,0.0,1.0,1.0,False,False,not resolved,,n_cases=300
H3_paired,RQ2,unsafe_contrast,Qwen3.8-Flash - Jev-1.13.0 unsafe @ revised,Qwen3.8-Flash,Jev-1.13.0,revised,0.0,!=,0.0,0.0,0.0,1.0,1.0,False,False,not resolved,,n_cases=300
H3_paired,RQ2,unsafe_contrast,SemIf-Qwen3.5-4B - Jev-1.13.0 unsafe @ revised,SemIf-Qwen3.5-4B,Jev-1.13.0,revised,0.0,!=,0.006666666666666667,0.0,0.016666666666666666,0.5,1.0,False,False,not resolved,,n_cases=300
H3_paired,RQ2,unsafe_contrast,Laya - Jev-1.13.0 unsafe @ revised,Laya,Jev-1.13.0,revised,0.0,!=,0.12333333333333334,0.08666666666666667,0.16333333333333333,1.4551915228366852e-11,5.529727786779404e-10,False,False,resolved,,n_cases=300
H4_tokens,RQ3,tokens_contrast,DeepSeek-V4.1-Flash output tokens F8 - F4,DeepSeek-V4.1-Flash,None,F8 vs F4 pooled over D,0.0,>,28.0,27.0,28.0,9.999000099990002e-05,0.00029997000299970003,True,False,resolved,,n_pairs=900
H4_tokens,RQ3,tokens_contrast,GLM-5.3-Flash output tokens F8 - F4,GLM-5.3-Flash,None,F8 vs F4 pooled over D,0.0,>,36.0,35.0,37.0,9.999000099990002e-05,0.00029997000299970003,True,False,resolved,,n_pairs=884
H4_tokens,RQ3,tokens_contrast,Qwen3.8-Flash output tokens F8 - F4,Qwen3.8-Flash,None,F8 vs F4 pooled over D,0.0,>,43.0,42.0,44.5,9.999000099990002e-05,0.00029997000299970003,True,False,resolved,,n_pairs=886
H4_latency,RQ3,ratio_test,G_Jev-1.13.0(F8/F4) / G_DeepSeek-V4.1-Flash(F8/F4),Jev-1.13.0,DeepSeek-V4.1-Flash,F8 vs F4 pooled over D,1.0,<,0.828269324006966,0.8070592832626118,0.8444707845862058,9.999000099990002e-05,0.00039996000399960006,True,False,resolved,,"n_pairs=900 (case-paired within D: 300 low, 300 med, 300 high)"
H4_latency,RQ3,ratio_test,G_Jev-1.13.0(F8/F4) / G_GLM-5.3-Flash(F8/F4),Jev-1.13.0,GLM-5.3-Flash,F8 vs F4 pooled over D,1.0,<,0.6375926496556286,0.6196887556746333,0.6517992954072831,9.999000099990002e-05,0.00039996000399960006,True,False,resolved,,"n_pairs=900 (case-paired within D: 300 low, 300 med, 300 high)"
H4_latency,RQ3,ratio_test,G_Jev-1.13.0(F8/F4) / G_Qwen3.8-Flash(F8/F4),Jev-1.13.0,Qwen3.8-Flash,F8 vs F4 pooled over D,1.0,<,0.650400624464988,0.6334669495318486,0.6699972931996803,9.999000099990002e-05,0.00039996000399960006,True,False,resolved,,"n_pairs=900 (case-paired within D: 300 low, 300 med, 300 high)"
H4_latency,RQ3,ratio_test,G_SemIf-Qwen3.5-4B(F8/F4) / G_Qwen3.5-4B-JSON(F8/F4),SemIf-Qwen3.5-4B,Qwen3.5-4B-JSON,F8 vs F4 pooled over D,1.0,<,0.5607950799510072,0.5593901449583646,0.5623464912382494,9.999000099990002e-05,0.00039996000399960006,True,False,resolved,,"n_pairs=900 (case-paired within D: 300 low, 300 med, 300 high)"
H5,RQ4,catalog_gap,Jev-1.13.0 seen - unseen gap @ churn25,Jev-1.13.0,None,churn25,0.1,upper_bound_lt,0.0,0.0,0.0,9.999000099990002e-05,0.0015998400159984002,True,False,resolved,,upper_ci95=0.0000
H5,RQ4,catalog_gap,DeepSeek-V4.1-Flash seen - unseen gap @ churn25,DeepSeek-V4.1-Flash,None,churn25,0.1,upper_bound_lt,0.0,0.0,0.0,9.999000099990002e-05,0.0015998400159984002,True,False,resolved,,upper_ci95=0.0000
H5,RQ4,catalog_gap,GLM-5.3-Flash seen - unseen gap @ churn25,GLM-5.3-Flash,None,churn25,0.1,upper_bound_lt,0.0,0.0,0.0,9.999000099990002e-05,0.0015998400159984002,True,False,resolved,,upper_ci95=0.0000
H5,RQ4,catalog_gap,Qwen3.8-Flash seen - unseen gap @ churn25,Qwen3.8-Flash,None,churn25,0.1,upper_bound_lt,0.0,0.0,0.0,9.999000099990002e-05,0.0015998400159984002,True,False,resolved,,upper_ci95=0.0000
H5,RQ4,catalog_gap,SemIf-Qwen3.5-4B seen - unseen gap @ churn25,SemIf-Qwen3.5-4B,None,churn25,0.1,upper_bound_lt,0.0,0.0,0.0,9.999000099990002e-05,0.0015998400159984002,True,False,resolved,"(SemIf-Qwen3.5-4B, churn25)",upper_ci95=0.0000
H5,RQ4,catalog_gap,Laya seen - unseen gap @ churn25,Laya,None,churn25,0.1,upper_bound_lt,-0.053290623179965135,-0.19341070010415062,0.08291693928788799,0.0268,0.0268,False,False,resolved,,upper_ci95=0.0829
H5,RQ4,catalog_gap,Qwen3.5-4B-JSON seen - unseen gap @ churn25,Qwen3.5-4B-JSON,None,churn25,0.1,upper_bound_lt,-0.01980198019801982,-0.04102564102564099,-0.00478411938938258,9.999000099990002e-05,0.0015998400159984002,True,False,resolved,,upper_ci95=-0.0048
H5,RQ4,catalog_gap,MiniLM-Reranker seen - unseen gap @ churn25,MiniLM-Reranker,None,churn25,0.1,upper_bound_lt,-0.05008736167734418,-0.11729452424085579,0.02200911303623047,9.999000099990002e-05,0.0015998400159984002,True,False,resolved,,upper_ci95=0.0220
H5,RQ4,catalog_gap,Jev-1.13.0 seen - unseen gap @ churn50,Jev-1.13.0,None,churn50,0.1,upper_bound_lt,0.0,0.0,0.0,9.999000099990002e-05,0.0015998400159984002,True,False,resolved,,upper_ci95=0.0000
H5,RQ4,catalog_gap,DeepSeek-V4.1-Flash seen - unseen gap @ churn50,DeepSeek-V4.1-Flash,None,churn50,0.1,upper_bound_lt,0.0,0.0,0.0,9.999000099990002e-05,0.0015998400159984002,True,False,resolved,,upper_ci95=0.0000
H5,RQ4,catalog_gap,GLM-5.3-Flash seen - unseen gap @ churn50,GLM-5.3-Flash,None,churn50,0.1,upper_bound_lt,0.0,0.0,0.0,9.999000099990002e-05,0.0015998400159984002,True,False,resolved,,upper_ci95=0.0000
H5,RQ4,catalog_gap,Qwen3.8-Flash seen - unseen gap @ churn50,Qwen3.8-Flash,None,churn50,0.1,upper_bound_lt,0.0,0.0,0.0,9.999000099990002e-05,0.0015998400159984002,True,False,resolved,,upper_ci95=0.0000
H5,RQ4,catalog_gap,SemIf-Qwen3.5-4B seen - unseen gap @ churn50,SemIf-Qwen3.5-4B,None,churn50,0.1,upper_bound_lt,0.0,0.0,0.0,9.999000099990002e-05,0.0015998400159984002,True,False,resolved,"(SemIf-Qwen3.5-4B, churn50)",upper_ci95=0.0000
H5,RQ4,catalog_gap,Laya seen - unseen gap @ churn50,Laya,None,churn50,0.1,upper_bound_lt,-0.08340649692712909,-0.19769719489703108,0.031218281776000195,0.0008,0.0016,False,False,resolved,,upper_ci95=0.0312
H5,RQ4,catalog_gap,Qwen3.5-4B-JSON seen - unseen gap @ churn50,Qwen3.5-4B-JSON,None,churn50,0.1,upper_bound_lt,-0.014486391571553958,-0.052631578947368474,0.02015050459274333,9.999000099990002e-05,0.0015998400159984002,True,False,resolved,,upper_ci95=0.0202
H5,RQ4,catalog_gap,MiniLM-Reranker seen - unseen gap @ churn50,MiniLM-Reranker,None,churn50,0.1,upper_bound_lt,-0.1019534679543459,-0.17946118754356735,-0.027552999465482546,9.999000099990002e-05,0.0015998400159984002,True,False,resolved,,upper_ci95=-0.0276
