part,cell,model,deployment,n_arrivals,n_supported,primary_metric,strict_completion,strict_ci_low,strict_ci_high,operational_completion,operational_ci_low,operational_ci_high,share_success,share_wrong_or_late,share_queue_expired,share_queue_overflow,share_decision_late,share_decision_timeout,share_invalid_decision,share_unsupported,share_no_feasible_node,share_ocr_returned,share_ocr_error,share_undeployed,share_invalid_labels,share_service_queue_expired,share_service_aborted,share_service_transport_or_integrity_error,share_aborted,share_aborted_before_dispatch,T_p50_completions,T_p50_completions_ci_low,T_p50_completions_ci_high,T_p95_completions,T_p95_completions_ci_low,T_p95_completions_ci_high,T_p99_completions,T_p50_shared,T_p50_shared_ci_low,T_p50_shared_ci_high,T_p95_shared,T_p95_shared_ci_low,T_p95_shared_ci_high,T_p99_shared,n_shared_with_anchor,shared_anchor,cost_usd_known,unknown_cost_calls,usd_per_correct_completion,api_calls,cache_hits,locality_violations,offsite_bytes,false_admissions,correct_rejections,mean_admission_wait_s,mean_decision_s,mean_service_queue_s,mean_transfer_s,mean_execution_s
A,load_1,Jev-1.13.0,hosted,300,300,strict,0.94,0.906667,0.966667,1,1,1,0.94,0.06,0,0,0,0,0,0,0,0,0,0,0,0,0,0,0,0,0.372086,0.364072,0.37978,0.48888,0.464152,0.523701,0.687446,0.372086,0.364072,0.37978,0.48888,0.464152,0.523701,0.687446,282,Jev-1.13.0,0.0102938,0,3.65028e-05,300,0,0,,,,0.00185674,0.28455,0.000536803,0.0108832,0.0833503
A,load_1,DeepSeek-V4.1-Flash,hosted,300,300,strict,0.906667,0.82,0.976667,0.916667,0.826667,0.99,0.906667,0.0133333,0.0333333,0,0.0433333,0,0,0,0.00333333,0,0,0,0,0,0,0,0,0,0.452406,0.442867,0.463759,0.672456,0.562443,0.723838,0.806376,0.452464,0.443169,0.463558,0.667191,0.557732,0.722603,0.790362,257,Jev-1.13.0,0.0312909,0,0.00011504,290,0,0,,,,0.0181034,0.684434,0.00150124,0.0108864,0.0836674
A,load_1,GLM-5.3-Flash,hosted,300,300,strict,0.916667,0.886667,0.946667,0.926667,0.9,0.953333,0.916667,0.0133333,0,0,0.0666667,0,0,0,0.00333333,0,0,0,0,0,0,0,0,0,0.770825,0.732698,0.799712,1.1573,1.12609,1.36034,1.80401,0.773174,0.734614,0.799988,1.17212,1.12609,1.36772,1.81398,259,Jev-1.13.0,0.0118238,0,4.29956e-05,300,0,0,,,,0.00608221,0.869272,0.000640735,0.0108397,0.083114
A,load_1,Qwen3.8-Flash,hosted,300,300,strict,0.9,0.873333,0.926667,0.93,0.9,0.96,0.9,0.03,0,0,0.0466667,0,0.00333333,0,0.02,0,0,0,0,0,0,0,0,0,1.35338,1.32064,1.36929,1.76294,1.72571,1.86636,1.94924,1.35218,1.32064,1.36939,1.77587,1.72571,1.86962,1.95127,255,Jev-1.13.0,0.0156853,1,5.80937e-05,300,0,0,,,,0.00667215,1.35275,0.000635588,0.0108479,0.0837251
A,load_1,SemIf-Qwen3.5-4B,self-hosted,300,300,strict,0.63,0.576667,0.69,0.846667,0.806667,0.89,0.63,0.356667,0,0,0,0,0,0.01,0.00333333,0,0,0,0,0,0,0,0,0,0.636098,0.620378,0.675626,1.28456,1.12846,1.48275,1.69495,0.636098,0.620378,0.675626,1.28456,1.12846,1.48275,1.69495,189,SemIf-Qwen3.5-4B,0,0,,300,0,0,,,,0.00178838,0.678773,0,0.0108451,0.0836926
A,load_1,Laya,self-hosted,300,300,strict,0.116667,0.0766667,0.16,0.743333,0.686667,0.79,0.116667,0.783333,0,0,0,0,0,0.1,0,0,0,0,0,0,0,0,0,0,0.224499,0.21133,0.255752,0.313724,0.26641,0.34904,0.342019,0.224915,0.210943,0.259791,0.321057,0.26641,0.34904,0.343465,28,SemIf-Qwen3.5-4B,0,0,,300,0,1,,,,0.00194594,0.111926,0.000494148,0.0109164,0.0962374
A,load_1,Qwen3.5-4B-JSON,self-hosted,300,300,strict,0.193333,0.06,0.33,0.34,0.103333,0.58,0.193333,0.17,0.13,0,0.49,0,0,0.00666667,0.01,0,0,0,0,0,0,0,0,0,1.14752,1.05084,1.33502,1.78471,1.60049,1.92824,1.87527,1.20352,1.05364,1.33502,1.77465,1.60049,1.92824,1.88642,46,SemIf-Qwen3.5-4B,0,0,,261,0,0,,,,0.368245,2.95688,0,0.0108948,0.0808954
A,load_2,Jev-1.13.0,hosted,300,300,strict,0.953333,0.933333,0.973333,1,1,1,0.953333,0.0466667,0,0,0,0,0,0,0,0,0,0,0,0,0,0,0,0,0.358851,0.349939,0.371742,0.478834,0.463434,0.522057,0.556405,0.358851,0.349939,0.371742,0.478834,0.463434,0.522057,0.556405,286,Jev-1.13.0,0.0102938,0,3.59922e-05,300,0,0,,,,0.00183313,0.277138,0.000760357,0.0110562,0.0833203
A,load_2,DeepSeek-V4.1-Flash,hosted,300,300,strict,0.976667,0.953333,0.993333,0.986667,0.966667,1,0.976667,0.0166667,0,0,0.00666667,0,0,0,0,0,0,0,0,0,0,0,0,0,0.492085,0.476662,0.496965,0.766647,0.626671,0.940292,1.23036,0.494116,0.479449,0.499026,0.78551,0.628108,0.942168,1.25574,281,Jev-1.13.0,0.0268967,0,9.17977e-05,300,0,0,,,,0.00824987,0.434498,0.00268544,0.0108685,0.082996
A,load_2,GLM-5.3-Flash,hosted,300,300,strict,0.823333,0.716667,0.923333,0.833333,0.73,0.93,0.823333,0.01,0,0,0.146667,0,0,0,0.02,0,0,0,0,0,0,0,0,0,0.774648,0.753872,0.803161,1.52419,1.19538,1.8205,1.87884,0.780442,0.758252,0.804452,1.54394,1.20637,1.82486,1.87973,238,Jev-1.13.0,0.011737,0,4.75183e-05,300,0,0,,,,0.0865281,0.979579,0.0019363,0.011382,0.0830664
A,load_2,Qwen3.8-Flash,hosted,300,300,strict,0.66,0.533333,0.766667,0.696667,0.57,0.803333,0.66,0.0366667,0.00666667,0,0.263333,0,0,0,0.0333333,0,0,0,0,0,0,0,0,0,1.44786,1.42743,1.48847,1.89983,1.84081,1.94572,1.95595,1.44952,1.43098,1.48847,1.88863,1.83853,1.94572,1.9584,190,Jev-1.13.0,0.0110989,0,5.60549e-05,298,0,0,,,,0.263577,1.46517,0.00098377,0.01164,0.0816239
A,load_2,SemIf-Qwen3.5-4B,self-hosted,300,300,strict,0.0866667,0.00333333,0.21,0.1,0.01,0.24,0.0866667,0.0133333,0.17,0,0.72,0,0,0,0.01,0,0,0,0,0,0,0,0,0,1.41693,1.08248,1.97198,1.95882,1.81987,1.97311,1.97621,1.41693,1.08248,1.97198,1.95882,1.81987,1.97311,1.97621,26,SemIf-Qwen3.5-4B,0,0,,249,0,0,,,,0.955184,2.32818,0,0.0108274,0.0795767
A,load_2,Laya,self-hosted,300,300,strict,0.116667,0.0766667,0.16,0.743333,0.686667,0.79,0.116667,0.783333,0,0,0,0,0,0.1,0,0,0,0,0,0,0,0,0,0,0.217425,0.194137,0.235448,0.296847,0.265712,0.31501,0.309795,0.278369,0.278369,0.278369,0.28574,0.28574,0.286559,0.286395,2,SemIf-Qwen3.5-4B,0,0,,300,0,1,,,,0.00187266,0.0979565,0.000559159,0.0111757,0.0961485
A,load_2,Qwen3.5-4B-JSON,self-hosted,300,300,strict,0.00333333,0,0.01,0.00666667,0,0.02,0.00333333,0.00333333,0.526667,0,0.466667,0,0,0,0,0,0,0,0,0,0,0,0,0,1.30397,1.30397,1.30397,1.30397,1.30397,1.30397,1.30397,1.30397,1.30397,1.30397,1.30397,1.30397,1.30397,1.30397,1,SemIf-Qwen3.5-4B,0,0,,142,0,0,,,,1.44817,4.30727,0,0.009032,0.1196
A,load_4,Jev-1.13.0,hosted,300,300,strict,0.936667,0.913333,0.963333,0.996667,0.99,1,0.936667,0.06,0,0,0,0,0.00333333,0,0,0,0,0,0,0,0,0,0,0,0.361544,0.356882,0.36806,0.47058,0.454251,0.485479,0.574456,0.361544,0.356882,0.36806,0.47058,0.454251,0.485479,0.574456,281,Jev-1.13.0,0.0102598,1,3.65119e-05,300,0,0,,,,0.00218976,0.272152,0.00190278,0.0116204,0.0835301
A,load_4,DeepSeek-V4.1-Flash,hosted,300,300,strict,0.983333,0.97,0.996667,0.996667,0.99,1,0.983333,0.0166667,0,0,0,0,0,0,0,0,0,0,0,0,0,0,0,0,0.482648,0.473501,0.493767,0.667418,0.626342,0.697018,0.803017,0.484643,0.473547,0.493935,0.680056,0.62383,0.697201,0.804535,278,Jev-1.13.0,0.0266805,0,9.04425e-05,300,0,0,,,,0.00653484,0.401088,0.0031935,0.0108832,0.0832437
A,load_4,GLM-5.3-Flash,hosted,300,300,strict,0.806667,0.656667,0.933333,0.81,0.66,0.936667,0.806667,0.00666667,0.0133333,0,0.143333,0,0,0,0.03,0,0,0,0,0,0,0,0,0,1.18546,1.09839,1.34735,1.86917,1.7563,1.89004,1.95193,1.18068,1.08729,1.34854,1.86638,1.7537,1.89019,1.95637,232,Jev-1.13.0,0.011735,0,4.84916e-05,296,0,0,,,,0.46268,0.883085,0.00288026,0.0110457,0.0831496
A,load_4,Qwen3.8-Flash,hosted,300,300,strict,0.0266667,0.01,0.05,0.03,0.01,0.0533333,0.0266667,0.00333333,0.31,0,0.653333,0,0,0,0.00666667,0,0,0,0,0,0,0,0,0,1.61875,1.5597,1.88729,1.9596,1.63217,1.99854,1.99075,1.61875,1.5597,1.88729,1.9596,1.63217,1.99854,1.99075,8,Jev-1.13.0,0.00760873,0,0.000951091,207,0,0,,,,1.53004,1.47774,0,0.00928811,0.0872111
A,load_4,SemIf-Qwen3.5-4B,self-hosted,300,300,strict,0.01,0,0.03,0.01,0,0.03,0.01,0,0.606667,0,0.383333,0,0,0,0,0,0,0,0,0,0,0,0,0,1.20219,1.20219,1.20219,1.85123,1.85123,1.92334,1.90892,1.20219,1.20219,1.20219,1.85123,1.85123,1.92334,1.90892,3,SemIf-Qwen3.5-4B,0,0,,118,0,0,,,,1.67261,2.63731,0,0.00894267,0.1104
A,load_4,Laya,self-hosted,300,300,strict,0.116667,0.0766667,0.16,0.743333,0.686667,0.79,0.116667,0.783333,0,0,0,0,0,0.1,0,0,0,0,0,0,0,0,0,0,0.219709,0.195752,0.248746,0.302202,0.267993,0.341901,0.331868,0.274517,0.274517,0.274517,0.274517,0.274517,0.274517,0.274517,1,SemIf-Qwen3.5-4B,0,0,,300,0,1,,,,0.00187579,0.102182,0.00161884,0.0111757,0.0961485
A,load_4,Qwen3.5-4B-JSON,self-hosted,300,300,strict,0.00333333,0,0.01,0.00666667,0,0.02,0.00333333,0.00333333,0.75,0,0.243333,0,0,0,0,0,0,0,0,0,0,0,0,0,1.25716,1.25716,1.25716,1.25716,1.25716,1.25716,1.25716,1.25716,1.25716,1.25716,1.25716,1.25716,1.25716,1.25716,1,SemIf-Qwen3.5-4B,0,0,,75,0,0,,,,1.60588,4.20317,0,0.009032,0.1196
A,load_8,Jev-1.13.0,hosted,300,300,strict,0.943333,0.923333,0.963333,1,1,1,0.943333,0.0566667,0,0,0,0,0,0,0,0,0,0,0,0,0,0,0,0,0.377047,0.36972,0.389949,0.510591,0.485815,0.532431,0.612732,0.377047,0.36972,0.389949,0.510591,0.485815,0.532431,0.612732,283,Jev-1.13.0,0.0102938,0,3.63738e-05,300,0,0,,,,0.0109774,0.277767,0.00567524,0.0113731,0.0831983
A,load_8,DeepSeek-V4.1-Flash,hosted,300,300,strict,0.603333,0.346667,0.836667,0.606667,0.346667,0.84,0.603333,0.00666667,0.0933333,0,0.253333,0,0,0,0.0433333,0,0,0,0,0,0,0,0,0,0.937304,0.646757,1.34738,1.8896,1.48306,1.97299,1.97667,0.940831,0.651512,1.34515,1.89311,1.485,1.97558,1.97738,168,Jev-1.13.0,0.0242871,0,0.000134183,272,0,0,,,,0.835783,0.526359,0.0151412,0.0128369,0.0800617
A,load_8,GLM-5.3-Flash,hosted,300,300,strict,0.0766667,0,0.2,0.0766667,0,0.2,0.0766667,0,0.26,0,0.646667,0,0,0,0.0166667,0,0,0,0,0,0,0,0,0,1.63936,1.52221,1.94565,1.95803,1.93042,1.96414,1.97919,1.56942,1.4931,1.94766,1.95895,1.93383,1.96933,1.97971,21,Jev-1.13.0,0.00880434,0,0.000382797,222,0,0,,,,1.6497,0.707991,0,0.0106153,0.0847522
A,load_8,Qwen3.8-Flash,hosted,300,300,strict,0.0133333,0,0.04,0.0133333,0,0.04,0.0133333,0,0.633333,0,0.353333,0,0,0,0,0,0,0,0,0,0,0,0,0,1.53428,1.53428,1.53428,1.87057,1.87057,1.91881,1.90916,1.53428,1.53428,1.53428,1.87057,1.87057,1.91881,1.90916,4,Jev-1.13.0,0.00431836,0,0.00107959,110,0,0,,,,1.73571,1.47716,0.10556,0.0104355,0.1023
A,load_8,SemIf-Qwen3.5-4B,self-hosted,300,300,strict,0.01,0,0.03,0.01,0,0.03,0.01,0,0.79,0,0.2,0,0,0,0,0,0,0,0,0,0,0,0,0,1.19846,1.19846,1.19846,1.79906,1.79906,1.86579,1.85244,1.19846,1.19846,1.19846,1.79906,1.79906,1.86579,1.85244,3,SemIf-Qwen3.5-4B,0,0,,63,0,0,,,,1.72232,2.58966,0,0.00894267,0.1104
A,load_8,Laya,self-hosted,300,300,strict,0.116667,0.0766667,0.16,0.743333,0.686667,0.79,0.116667,0.783333,0,0,0,0,0,0.1,0,0,0,0,0,0,0,0,0,0,0.241541,0.217583,0.261274,0.319247,0.303549,0.415104,0.38668,0.261274,0.261274,0.261274,0.261274,0.261274,0.261274,0.261274,1,SemIf-Qwen3.5-4B,0,0,,300,0,1,,,,0.00190765,0.115789,0.00377024,0.0120077,0.0960285
A,load_8,Qwen3.5-4B-JSON,self-hosted,300,300,strict,0.00333333,0,0.01,0.00333333,0,0.01,0.00333333,0,0.87,0,0.123333,0,0,0,0.00333333,0,0,0,0,0,0,0,0,0,1.32648,1.32648,1.32648,1.32648,1.32648,1.32648,1.32648,1.32648,1.32648,1.32648,1.32648,1.32648,1.32648,1.32648,1,SemIf-Qwen3.5-4B,0,0,,39,0,0,,,,1.65359,4.21178,0,0.006982,0.1872
A,load_16,Jev-1.13.0,hosted,300,300,strict,0.906667,0.836667,0.96,0.97,0.91,1,0.906667,0.0633333,0,0,0.0166667,0,0,0,0.0133333,0,0,0,0,0,0,0,0,0,0.917504,0.692692,1.46202,1.74074,1.53303,1.87093,1.88568,0.917504,0.692692,1.46202,1.74074,1.53303,1.87093,1.88568,272,Jev-1.13.0,0.0102938,0,3.78448e-05,300,0,0,,,,0.712168,0.271122,0.014876,0.0119627,0.0825546
A,load_16,DeepSeek-V4.1-Flash,hosted,300,300,strict,0.0933333,0,0.28,0.0933333,0,0.28,0.0933333,0,0.32,0.0766667,0.5,0,0,0,0.01,0,0,0,0,0,0,0,0,0,1.38675,1.38675,1.38675,1.86512,1.86512,1.89232,1.93054,1.39614,1.39614,1.39614,1.869,1.869,1.89232,1.93106,27,Jev-1.13.0,0.0161461,0,0.000576647,181,0,0,,,,1.68826,0.460447,0.0241831,0.0110451,0.0745964
A,load_16,GLM-5.3-Flash,hosted,300,300,strict,0.0233333,0,0.07,0.0233333,0,0.07,0.0233333,0,0.54,0.0833333,0.353333,0,0,0,0,0,0,0,0,0,0,0,0,0,1.25672,1.25672,1.25672,1.93868,1.93868,1.94067,1.94027,1.25672,1.25672,1.25672,1.93868,1.93868,1.94067,1.94027,7,Jev-1.13.0,0.00455148,0,0.000650211,113,0,0,,,,1.79304,0.743014,0.0503241,0.009154,0.0773143
A,load_16,Qwen3.8-Flash,hosted,300,300,strict,0.00333333,0,0.01,0.00333333,0,0.01,0.00333333,0,0.706667,0.0966667,0.193333,0,0,0,0,0,0,0,0,0,0,0,0,0,1.65158,1.65158,1.65158,1.65158,1.65158,1.65158,1.65158,1.65158,1.65158,1.65158,1.65158,1.65158,1.65158,1.65158,1,Jev-1.13.0,0.00212982,0,0.00212982,59,0,0,,,,1.78438,1.46892,0,0.014914,0.078
A,load_16,SemIf-Qwen3.5-4B,self-hosted,300,300,strict,0.01,0,0.03,0.01,0,0.03,0.01,0,0.786667,0.0966667,0.106667,0,0,0,0,0,0,0,0,0,0,0,0,0,1.28676,1.28676,1.28676,1.9023,1.9023,1.9707,1.95702,1.28676,1.28676,1.28676,1.9023,1.9023,1.9707,1.95702,3,SemIf-Qwen3.5-4B,0,0,,35,0,0,,,,1.64779,2.54248,0,0.00894267,0.1104
A,load_16,Laya,self-hosted,300,300,strict,0.0933333,0.0433333,0.146667,0.526667,0.31,0.71,0.0933333,0.533333,0.0233333,0.01,0.213333,0,0,0.0833333,0.0433333,0,0,0,0,0,0,0,0,0,0.711473,0.417996,1.55729,1.81571,0.471559,1.95867,1.93718,0.263432,0.263432,0.263432,0.263432,0.263432,0.263432,0.263432,1,SemIf-Qwen3.5-4B,0,0,,290,0,2,,,,0.77189,0.259348,0.00396853,0.0132107,0.0978846
A,load_16,Qwen3.5-4B-JSON,self-hosted,300,300,strict,0.00333333,0,0.01,0.00333333,0,0.01,0.00333333,0,0.823333,0.1,0.0733333,0,0,0,0,0,0,0,0,0,0,0,0,0,1.32735,1.32735,1.32735,1.32735,1.32735,1.32735,1.32735,1.32735,1.32735,1.32735,1.32735,1.32735,1.32735,1.32735,1,SemIf-Qwen3.5-4B,0,0,,23,0,0,,,,1.55859,3.95584,0,0.006982,0.1872
A,deadline_0.5,Jev-1.13.0,hosted,300,300,strict,0.89,0.866667,0.916667,0.95,0.93,0.97,0.89,0.06,0,0,0.0133333,0,0,0,0.0366667,0,0,0,0,0,0,0,0,0,0.362399,0.357428,0.3701,0.464813,0.448025,0.472278,0.48444,0.362399,0.357428,0.3701,0.464813,0.448025,0.472278,0.48444,267,Jev-1.13.0,0.0102938,0,3.85535e-05,300,0,0,,,,0.00217297,0.280713,0.000996225,0.0113072,0.0811186
A,deadline_0.5,DeepSeek-V4.1-Flash,hosted,300,300,strict,0.376667,0.303333,0.453333,0.38,0.306667,0.453333,0.376667,0.00666667,0.00333333,0,0.2,0,0,0,0.413333,0,0,0,0,0,0,0,0,0,0.472455,0.46961,0.477261,0.494653,0.488055,0.497185,0.498288,0.472322,0.468748,0.477483,0.494534,0.48848,0.497048,0.498323,107,Jev-1.13.0,0.026622,0,0.000235593,299,0,0,,,,0.00921565,0.461307,0.000907739,0.0107066,0.0701974
A,deadline_0.5,GLM-5.3-Flash,hosted,300,300,strict,0,0,0,0,0,0,0,0,0.0666667,0,0.926667,0,0,0,0.00666667,0,0,0,0,0,0,0,0,0,,,,,,,,,,,,,,,0,Jev-1.13.0,0.0109745,0,,280,0,0,,,,0.0544347,0.77648,,,
A,deadline_0.5,Qwen3.8-Flash,hosted,300,300,strict,0,0,0,0,0,0,0,0,0.343333,0,0.656667,0,0,0,0,0,0,0,0,0,0,0,0,0,,,,,,,,,,,,,,,0,Jev-1.13.0,0.00709598,0,,197,0,0,,,,0.209999,1.45619,,,
A,deadline_0.5,SemIf-Qwen3.5-4B,self-hosted,300,300,strict,0,0,0,0,0,0,0,0,0.613333,0,0.386667,0,0,0,0,0,0,0,0,0,0,0,0,0,,,,,,,,,,,,,,,0,SemIf-Qwen3.5-4B,0,0,,116,0,0,,,,0.281555,2.60125,,,
A,deadline_0.5,Laya,self-hosted,300,300,strict,0.116667,0.0766667,0.16,0.743333,0.686667,0.79,0.116667,0.783333,0,0,0,0,0,0.1,0,0,0,0,0,0,0,0,0,0,0.210221,0.184282,0.246502,0.290213,0.262699,0.380023,0.355395,,,,,,,,0,SemIf-Qwen3.5-4B,0,0,,300,0,1,,,,0.00119482,0.0967708,0.00173406,0.0111757,0.0961485
A,deadline_0.5,Qwen3.5-4B-JSON,self-hosted,300,300,strict,0,0,0,0,0,0,0,0,0.756667,0,0.243333,0,0,0,0,0,0,0,0,0,0,0,0,0,,,,,,,,,,,,,,,0,SemIf-Qwen3.5-4B,0,0,,73,0,0,,,,0.279668,4.23388,,,
A,deadline_1,Jev-1.13.0,hosted,300,300,strict,0.926667,0.89,0.96,0.996667,0.99,1,0.926667,0.07,0,0,0.00333333,0,0,0,0,0,0,0,0,0,0,0,0,0,0.367704,0.361797,0.377387,0.467205,0.459993,0.480646,0.53326,0.367704,0.361797,0.377387,0.467205,0.459993,0.480646,0.53326,278,Jev-1.13.0,0.0102938,0,3.7028e-05,300,0,0,,,,0.00210595,0.28003,0.00151822,0.0110549,0.0836766
A,deadline_1,DeepSeek-V4.1-Flash,hosted,300,300,strict,0.913333,0.853333,0.96,0.92,0.863333,0.966667,0.913333,0.01,0,0,0.0566667,0,0,0,0.02,0,0,0,0,0,0,0,0,0,0.509999,0.48831,0.530416,0.834745,0.758509,0.895128,0.95096,0.515284,0.488549,0.536184,0.844019,0.769005,0.911646,0.951985,258,Jev-1.13.0,0.0266361,0,9.72122e-05,300,0,0,,,,0.0272519,0.473929,0.00368058,0.0115128,0.0827892
A,deadline_1,GLM-5.3-Flash,hosted,300,300,strict,0.726667,0.64325,0.813333,0.726667,0.64325,0.813333,0.726667,0.00333333,0.0133333,0,0.173333,0,0,0,0.0833333,0,0,0,0,0,0,0,0,0,0.769601,0.749202,0.789712,0.970568,0.949903,0.983361,0.985936,0.765784,0.740644,0.785644,0.969841,0.949713,0.983361,0.98622,201,Jev-1.13.0,0.0109451,0,5.02069e-05,296,0,0,,,,0.0965769,0.734039,0.00220864,0.0109205,0.0825795
A,deadline_1,Qwen3.8-Flash,hosted,300,300,strict,0,0,0,0,0,0,0,0,0.33,0,0.67,0,0,0,0,0,0,0,0,0,0,0,0,0,,,,,,,,,,,,,,,0,Jev-1.13.0,0.0074711,0,,201,0,0,,,,0.592533,1.50372,,,
A,deadline_1,SemIf-Qwen3.5-4B,self-hosted,300,300,strict,0.00333333,0,0.01,0.00333333,0,0.01,0.00333333,0,0.613333,0,0.38,0,0,0,0.00333333,0,0,0,0,0,0,0,0,0,0.893602,0.893602,0.893602,0.893602,0.893602,0.893602,0.893602,0.893602,0.893602,0.893602,0.893602,0.893602,0.893602,0.893602,1,SemIf-Qwen3.5-4B,0,0,,116,0,0,,,,0.724353,2.64291,0,0.006982,0.1872
A,deadline_1,Laya,self-hosted,300,300,strict,0.116667,0.0766667,0.16,0.743333,0.686667,0.79,0.116667,0.783333,0,0,0,0,0,0.1,0,0,0,0,0,0,0,0,0,0,0.222924,0.192659,0.245244,0.294976,0.28113,0.315745,0.312008,0.273676,0.273676,0.273676,0.273676,0.273676,0.273676,0.273676,1,SemIf-Qwen3.5-4B,0,0,,300,0,1,,,,0.00108354,0.101952,0.00171074,0.0111757,0.0961485
A,deadline_1,Qwen3.5-4B-JSON,self-hosted,300,300,strict,0,0,0,0,0,0,0,0,0.76,0,0.24,0,0,0,0,0,0,0,0,0,0,0,0,0,,,,,,,,,,,,,,,0,SemIf-Qwen3.5-4B,0,0,,72,0,0,,,,0.704673,4.31764,,,
A,deadline_4,Jev-1.13.0,hosted,300,300,strict,0.943333,0.913333,0.97,1,1,1,0.943333,0.0566667,0,0,0,0,0,0,0,0,0,0,0,0,0,0,0,0,0.37043,0.357948,0.37644,0.484551,0.469878,0.50062,0.575579,0.37043,0.357948,0.37644,0.484551,0.469878,0.50062,0.575579,283,Jev-1.13.0,0.0102938,0,3.63738e-05,300,0,0,,,,0.00229121,0.27781,0.00334745,0.0108832,0.0833503
A,deadline_4,DeepSeek-V4.1-Flash,hosted,300,300,strict,0.986667,0.973333,1,0.996667,0.99,1,0.986667,0.0133333,0,0,0,0,0,0,0,0,0,0,0,0,0,0,0,0,0.507094,0.492016,0.527256,1.0089,0.650286,1.17478,1.32021,0.508821,0.492634,0.531504,1.01456,0.652312,1.17478,1.32356,281,Jev-1.13.0,0.0266817,0,9.0141e-05,300,0,0,,,,0.0277523,0.437129,0.00655271,0.0115462,0.0830617
A,deadline_4,GLM-5.3-Flash,hosted,300,300,strict,0.99,0.98,1,0.996667,0.99,1,0.99,0.01,0,0,0,0,0,0,0,0,0,0,0,0,0,0,0,0,0.850378,0.812326,0.940606,1.44732,1.27873,1.54076,1.6361,0.854993,0.813713,0.944746,1.44522,1.27804,1.54076,1.62974,280,Jev-1.13.0,0.0117932,0,3.97076e-05,300,0,0,,,,0.117832,0.722716,0.00352684,0.0108832,0.0832197
A,deadline_4,Qwen3.8-Flash,hosted,300,300,strict,0.05,0,0.123333,0.0533333,0,0.133333,0.05,0.00333333,0.326667,0,0.616667,0,0,0,0.00333333,0,0,0,0,0,0,0,0,0,3.42634,2.62815,3.60898,3.95,3.71821,3.98003,3.97402,3.0956,2.62815,3.78198,3.95215,3.71821,3.98003,3.97445,14,Jev-1.13.0,0.00751971,0,0.000501314,202,0,0,,,,3.44788,1.5501,0,0.0100588,0.0749188
A,deadline_4,SemIf-Qwen3.5-4B,self-hosted,300,300,strict,0.0266667,0,0.08,0.0266667,0,0.08,0.0266667,0,0.596667,0,0.376667,0,0,0,0,0,0,0,0,0,0,0,0,0,2.39687,2.39687,2.39687,3.8314,3.8314,3.92442,3.90582,2.39687,2.39687,2.39687,3.8314,3.8314,3.92442,3.90582,8,SemIf-Qwen3.5-4B,0,0,,121,0,0,,,,3.49735,2.64104,0,0.0101283,0.0799
A,deadline_4,Laya,self-hosted,300,300,strict,0.116667,0.0766667,0.16,0.743333,0.686667,0.79,0.116667,0.783333,0,0,0,0,0,0.1,0,0,0,0,0,0,0,0,0,0,0.216139,0.19107,0.253279,0.295222,0.279801,0.338838,0.330449,0.276037,0.276037,0.276037,0.276037,0.276037,0.276037,0.276037,1,SemIf-Qwen3.5-4B,0,0,,300,0,1,,,,0.00105693,0.10269,0.00157085,0.0111757,0.0961485
A,deadline_4,Qwen3.5-4B-JSON,self-hosted,300,300,strict,0.00666667,0,0.02,0.0133333,0,0.04,0.00666667,0.00666667,0.746667,0,0.24,0,0,0,0,0,0,0,0,0,0,0,0,0,2.1348,2.1348,2.1348,2.89026,2.89026,2.9742,2.95741,2.1348,2.1348,2.1348,2.89026,2.89026,2.9742,2.95741,2,SemIf-Qwen3.5-4B,0,0,,76,0,0,,,,3.46768,4.24657,0,0.0104355,0.1023
A,topo_10,Jev-1.13.0,hosted,300,300,strict,0.94,0.916667,0.963333,1,1,1,0.94,0.06,0,0,0,0,0,0,0,0,0,0,0,0,0,0,0,0,0.368654,0.359521,0.380501,0.484671,0.461281,0.511899,0.588105,0.368654,0.359521,0.380501,0.484671,0.461281,0.511899,0.588105,282,Jev-1.13.0,0.0102938,0,3.65028e-05,300,0,0,,,,0.00868673,0.270064,0.00312861,0.0111165,0.0835298
A,topo_10,DeepSeek-V4.1-Flash,hosted,300,300,strict,0.993333,0.983333,1,1,1,1,0.993333,0.00666667,0,0,0,0,0,0,0,0,0,0,0,0,0,0,0,0,0.781041,0.622302,0.952128,1.48012,1.09285,1.6841,1.71389,0.789015,0.624094,0.970127,1.49313,1.09285,1.6841,1.71437,281,Jev-1.13.0,0.0266997,0,8.95964e-05,300,0,0,,,,0.282646,0.450626,0.00533395,0.0113705,0.0832551
A,topo_10,GLM-5.3-Flash,hosted,300,300,strict,0.0233333,0,0.05,0.0233333,0,0.05,0.0233333,0,0.33,0,0.606667,0,0,0,0.04,0,0,0,0,0,0,0,0,0,1.6115,1.17709,1.87062,1.91841,1.56806,1.93889,1.93479,1.6115,1.17709,1.85922,1.90702,1.56806,1.93889,1.93251,5,Jev-1.13.0,0.00798163,0,0.00114023,201,0,0,,,,1.68652,0.784341,0,0.0114533,0.0784953
A,topo_10,Qwen3.8-Flash,hosted,300,300,strict,0.0133333,0,0.04,0.0133333,0,0.04,0.0133333,0,0.64,0,0.346667,0,0,0,0,0,0,0,0,0,0,0,0,0,1.75027,1.75027,1.75027,1.92196,1.92196,1.93809,1.93486,1.75027,1.75027,1.75027,1.92196,1.92196,1.93809,1.93486,4,Jev-1.13.0,0.00379877,0,0.000949693,108,0,0,,,,1.76189,1.59873,0,0.0104355,0.101433
A,topo_10,SemIf-Qwen3.5-4B,self-hosted,300,300,strict,0.01,0,0.03,0.01,0,0.03,0.01,0,0.793333,0,0.196667,0,0,0,0,0,0,0,0,0,0,0,0,0,1.21929,1.21929,1.21929,1.82272,1.82272,1.88977,1.87636,1.21929,1.21929,1.21929,1.82272,1.82272,1.88977,1.87636,3,SemIf-Qwen3.5-4B,0,0,,62,0,0,,,,1.72796,2.63179,0,0.00894267,0.109244
A,topo_10,Laya,self-hosted,300,300,strict,0.116667,0.0766667,0.16,0.743333,0.686667,0.79,0.116667,0.783333,0,0,0,0,0,0.1,0,0,0,0,0,0,0,0,0,0,0.237497,0.196256,0.259181,0.347223,0.29034,0.412332,0.402731,0.259181,0.259181,0.259181,0.259181,0.259181,0.259181,0.259181,1,SemIf-Qwen3.5-4B,0,0,,300,0,1,,,,0.00116664,0.114591,0.00136173,0.0115573,0.0960548
A,topo_10,Qwen3.5-4B-JSON,self-hosted,300,300,strict,0.00333333,0,0.01,0.00666667,0,0.02,0.00333333,0.00333333,0.87,0,0.123333,0,0,0,0,0,0,0,0,0,0,0,0,0,1.28233,1.28233,1.28233,1.28233,1.28233,1.28233,1.28233,1.28233,1.28233,1.28233,1.28233,1.28233,1.28233,1.28233,1,SemIf-Qwen3.5-4B,0,0,,39,0,0,,,,1.65981,4.26502,0,0.009032,0.1172
A,topo_20,Jev-1.13.0,hosted,300,300,strict,0.943333,0.91,0.97,1,1,1,0.943333,0.0566667,0,0,0,0,0,0,0,0,0,0,0,0,0,0,0,0,0.36509,0.355204,0.378624,0.504905,0.462,0.5273,0.545484,0.36509,0.355204,0.378624,0.504905,0.462,0.5273,0.545484,283,Jev-1.13.0,0.0102938,0,3.63738e-05,300,0,0,,,,0.0114816,0.270626,0.000709567,0.0108832,0.0832592
A,topo_20,DeepSeek-V4.1-Flash,hosted,300,300,strict,0.853333,0.716667,0.97,0.863333,0.723333,0.99,0.853333,0.0133333,0.00333333,0,0.103333,0,0,0,0.0266667,0,0,0,0,0,0,0,0,0,0.980398,0.729128,1.49024,1.85327,1.5957,1.95178,1.97356,0.96323,0.742999,1.50077,1.85351,1.59499,1.95264,1.97432,241,Jev-1.13.0,0.0266103,0,0.000103947,299,0,0,,,,0.663678,0.481136,0.00151054,0.010762,0.083302
A,topo_20,GLM-5.3-Flash,hosted,300,300,strict,0.123333,0.01,0.306667,0.123333,0.01,0.306667,0.123333,0,0.233333,0,0.603333,0,0,0,0.04,0,0,0,0,0,0,0,0,0,1.57944,1.42461,1.89815,1.98894,1.92274,1.99194,1.9925,1.53784,1.39998,1.93244,1.98969,1.95656,1.99194,1.99254,33,Jev-1.13.0,0.00883323,0,0.000238736,230,0,0,,,,1.59834,0.687599,0.00509327,0.0106339,0.0740972
A,topo_20,Qwen3.8-Flash,hosted,300,300,strict,0.01,0,0.03,0.01,0,0.03,0.01,0,0.636667,0,0.353333,0,0,0,0,0,0,0,0,0,0,0,0,0,1.58773,1.58773,1.58773,1.71399,1.71399,1.72801,1.72521,1.58773,1.58773,1.58773,1.71399,1.71399,1.72801,1.72521,3,Jev-1.13.0,0.00401973,0,0.00133991,109,0,0,,,,1.76027,1.47633,0,0.0109927,0.104218
A,topo_20,SemIf-Qwen3.5-4B,self-hosted,300,300,strict,0.01,0,0.03,0.01,0,0.03,0.01,0,0.8,0,0.19,0,0,0,0,0,0,0,0,0,0,0,0,0,1.23247,1.23247,1.23247,1.83854,1.83854,1.90589,1.89242,1.23247,1.23247,1.23247,1.83854,1.83854,1.90589,1.89242,3,SemIf-Qwen3.5-4B,0,0,,60,0,0,,,,1.71402,2.70748,0,0.00894267,0.109095
A,topo_20,Laya,self-hosted,300,300,strict,0.116667,0.0766667,0.16,0.743333,0.686667,0.79,0.116667,0.783333,0,0,0,0,0,0.1,0,0,0,0,0,0,0,0,0,0,0.228802,0.196996,0.264048,0.343997,0.291587,0.397368,0.386578,0.264839,0.264839,0.264839,0.264839,0.264839,0.264839,0.264839,1,SemIf-Qwen3.5-4B,0,0,,300,0,1,,,,0.00104738,0.113869,0.000589459,0.0111757,0.0959597
A,topo_20,Qwen3.5-4B-JSON,self-hosted,300,300,strict,0.00333333,0,0.01,0.00666667,0,0.02,0.00333333,0.00333333,0.87,0,0.123333,0,0,0,0,0,0,0,0,0,0,0,0,0,1.25732,1.25732,1.25732,1.25732,1.25732,1.25732,1.25732,1.25732,1.25732,1.25732,1.25732,1.25732,1.25732,1.25732,1,SemIf-Qwen3.5-4B,0,0,,39,0,0,,,,1.64865,4.23551,0,0.009032,0.117327
A,topo_40,Jev-1.13.0,hosted,300,300,strict,0.946667,0.93,0.966667,1,1,1,0.946667,0.0533333,0,0,0,0,0,0,0,0,0,0,0,0,0,0,0,0,0.37017,0.357387,0.383707,0.511459,0.458073,0.581881,0.638012,0.37017,0.357387,0.383707,0.511459,0.458073,0.581881,0.638012,284,Jev-1.13.0,0.0102938,0,3.62457e-05,300,0,0,,,,0.0115881,0.276452,0.000954423,0.0108832,0.0832558
A,topo_40,DeepSeek-V4.1-Flash,hosted,300,300,strict,0.99,0.973333,1,0.996667,0.99,1,0.99,0.01,0,0,0,0,0,0,0,0,0,0,0,0,0,0,0,0,0.728118,0.60526,0.895812,1.3884,1.02319,1.54657,1.61963,0.731929,0.608835,0.918122,1.39445,1.02363,1.55861,1.62164,282,Jev-1.13.0,0.0266625,0,8.97728e-05,300,0,0,,,,0.250136,0.439564,0.00100949,0.0108832,0.0831492
A,topo_40,GLM-5.3-Flash,hosted,300,300,strict,0.0233333,0,0.0566667,0.0233333,0,0.0566667,0.0233333,0,0.45,0,0.526667,0,0,0,0,0,0,0,0,0,0,0,0,0,1.55866,1.44596,1.84952,1.90631,1.84084,1.91138,1.91037,1.55866,1.44596,1.84952,1.90631,1.84084,1.91138,1.91037,7,Jev-1.13.0,0.00664262,0,0.000948946,165,0,0,,,,1.7172,0.948637,0,0.00941586,0.0928747
A,topo_40,Qwen3.8-Flash,hosted,300,300,strict,0.00666667,0,0.02,0.00666667,0,0.02,0.00666667,0,0.666667,0,0.326667,0,0,0,0,0,0,0,0,0,0,0,0,0,1.52917,1.52917,1.52917,1.63732,1.63732,1.64934,1.64694,1.52917,1.52917,1.52917,1.63732,1.63732,1.64934,1.64694,2,Jev-1.13.0,0.00360855,0,0.00180427,100,0,0,,,,1.77111,1.61477,0,0.009923,0.0723075
A,topo_40,SemIf-Qwen3.5-4B,self-hosted,300,300,strict,0.01,0,0.03,0.01,0,0.03,0.01,0,0.796667,0,0.193333,0,0,0,0,0,0,0,0,0,0,0,0,0,1.22931,1.22931,1.22931,1.84009,1.84009,1.90796,1.89438,1.22931,1.22931,1.22931,1.84009,1.84009,1.90796,1.89438,3,SemIf-Qwen3.5-4B,0,0,,61,0,0,,,,1.70186,2.65333,0,0.00894267,0.108759
A,topo_40,Laya,self-hosted,300,300,strict,0.116667,0.0766667,0.16,0.743333,0.686667,0.79,0.116667,0.783333,0,0,0,0,0,0.1,0,0,0,0,0,0,0,0,0,0,0.222242,0.186793,0.26247,0.322132,0.272283,0.366675,0.354044,0.26247,0.26247,0.26247,0.26247,0.26247,0.26247,0.26247,1,SemIf-Qwen3.5-4B,0,0,,300,0,1,,,,0.00156698,0.107348,0.000519404,0.0111757,0.0959423
A,topo_40,Qwen3.5-4B-JSON,self-hosted,300,300,strict,0.00333333,0,0.01,0.00333333,0,0.01,0.00333333,0,0.873333,0,0.123333,0,0,0,0,0,0,0,0,0,0,0,0,0,1.38018,1.38018,1.38018,1.38018,1.38018,1.38018,1.38018,1.38018,1.38018,1.38018,1.38018,1.38018,1.38018,1.38018,1,SemIf-Qwen3.5-4B,0,0,,38,0,0,,,,1.64164,4.37647,0,0.006982,0.181662
A,reuse_changing_on,Jev-1.13.0,hosted,300,300,strict,0.943333,0.93,0.96,1,1,1,0.943333,0.0566667,0,0,0,0,0,0,0,0,0,0,0,0,0,0,0,0,0.36457,0.353375,0.372459,0.474576,0.459349,0.491179,0.522817,0.36457,0.353375,0.372459,0.474576,0.459349,0.491179,0.522817,283,Jev-1.13.0,0.0102938,0,3.63738e-05,300,0,0,,,,0.00190401,0.273354,0.00213052,0.0112895,0.0832403
A,reuse_changing_on,DeepSeek-V4.1-Flash,hosted,300,300,strict,0.956667,0.92,0.99,0.97,0.933333,1,0.956667,0.0166667,0,0,0.0233333,0,0,0,0.00333333,0,0,0,0,0,0,0,0,0,0.503889,0.491935,0.512942,0.804901,0.657621,1.27499,1.48929,0.503926,0.492916,0.512942,0.774806,0.657621,0.946808,1.33836,270,Jev-1.13.0,0.0267249,0,9.31182e-05,300,0,0,,,,0.0470885,0.451412,0.0032836,0.0115899,0.0830438
A,reuse_changing_on,GLM-5.3-Flash,hosted,300,300,strict,0.77,0.61,0.916667,0.77,0.61,0.916667,0.77,0,0.0266667,0,0.153333,0,0.02,0,0.03,0,0,0,0,0,0,0,0,0,0.980096,0.855204,1.28837,1.78609,1.59739,1.88893,1.94218,0.980096,0.857224,1.31287,1.78984,1.61925,1.88893,1.9453,217,Jev-1.13.0,0.0111277,6,4.8172e-05,292,0,0,,,,0.38678,0.864833,0.00175372,0.0108577,0.082568
A,reuse_changing_on,Qwen3.8-Flash,hosted,300,300,strict,0.00666667,0,0.02,0.00666667,0,0.02,0.00666667,0,0.58,0,0.396667,0,0.0166667,0,0,0,0,0,0,0,0,0,0,0,1.55735,1.55735,1.55735,1.93274,1.93274,1.97445,1.9661,1.55735,1.55735,1.55735,1.93274,1.93274,1.97445,1.9661,2,Jev-1.13.0,0.00452476,5,0.00226238,126,0,0,,,,1.6402,2.48625,0,0.010948,0.1326
A,reuse_changing_on,SemIf-Qwen3.5-4B,self-hosted,300,300,strict,0.01,0,0.03,0.01,0,0.03,0.01,0,0.616667,0,0.373333,0,0,0,0,0,0,0,0,0,0,0,0,0,1.08257,1.08257,1.08257,1.65024,1.65024,1.71331,1.7007,1.08257,1.08257,1.08257,1.65024,1.65024,1.71331,1.7007,3,SemIf-Qwen3.5-4B,0,0,,115,0,0,,,,1.67287,2.72006,0,0.00894267,0.1104
A,reuse_changing_on,Laya,self-hosted,300,300,strict,0.116667,0.0766667,0.16,0.743333,0.686667,0.79,0.116667,0.783333,0,0,0,0,0,0.1,0,0,0,0,0,0,0,0,0,0,0.216113,0.19491,0.248617,0.297571,0.276088,0.373386,0.347629,0.278252,0.278252,0.278252,0.278252,0.278252,0.278252,0.278252,1,SemIf-Qwen3.5-4B,0,0,,300,0,1,,,,0.00181387,0.102396,0.00167386,0.0111757,0.0961485
A,reuse_changing_on,Qwen3.5-4B-JSON,self-hosted,300,300,strict,0.00333333,0,0.01,0.00666667,0,0.02,0.00333333,0.00333333,0.763333,0,0.23,0,0,0,0,0,0,0,0,0,0,0,0,0,1.32281,1.32281,1.32281,1.32281,1.32281,1.32281,1.32281,1.32281,1.32281,1.32281,1.32281,1.32281,1.32281,1.32281,1,SemIf-Qwen3.5-4B,0,0,,71,0,0,,,,1.64763,4.44361,0,0.009032,0.1196
A,reuse_repeated_off,Jev-1.13.0,hosted,300,300,strict,1,1,1,1,1,1,1,0,0,0,0,0,0,0,0,0,0,0,0,0,0,0,0,0,0.358017,0.34958,0.368726,0.484651,0.464223,0.494862,0.647867,0.358017,0.34958,0.368726,0.484651,0.464223,0.494862,0.647867,300,Jev-1.13.0,0.01022,0,3.40668e-05,300,0,0,,,,0.00230889,0.278765,0.00260967,0.0110856,0.081326
A,reuse_repeated_off,DeepSeek-V4.1-Flash,hosted,300,300,strict,0.996667,0.99,1,0.996667,0.99,1,0.996667,0,0,0,0.00333333,0,0,0,0,0,0,0,0,0,0,0,0,0,0.472702,0.462341,0.487596,0.700619,0.607699,1.02448,1.30027,0.472702,0.462341,0.487596,0.700619,0.607699,1.02448,1.30027,299,Jev-1.13.0,0.0318456,0,0.000106507,300,0,0,,,,0.00593343,0.417404,0.00249714,0.0113597,0.0810231
A,reuse_repeated_off,GLM-5.3-Flash,hosted,300,300,strict,0.78,0.586583,0.946667,0.78,0.586583,0.946667,0.78,0,0.02,0,0.193333,0,0,0,0.00666667,0,0,0,0,0,0,0,0,0,0.834172,0.786278,0.967288,1.8262,1.35983,1.91374,1.92535,0.834172,0.786278,0.967288,1.8262,1.35983,1.91374,1.92535,234,Jev-1.13.0,0.0108625,0,4.64209e-05,294,0,0,,,,0.422046,0.78345,0.00279871,0.0106722,0.0817167
A,reuse_repeated_off,Qwen3.8-Flash,hosted,300,300,strict,0.0333333,0,0.08,0.0333333,0,0.08,0.0333333,0,0.276667,0,0.68,0,0,0,0.01,0,0,0,0,0,0,0,0,0,1.70497,1.46736,1.8241,1.85867,1.63493,1.88695,1.8813,1.70497,1.46736,1.8241,1.85867,1.63493,1.88695,1.8813,10,Jev-1.13.0,0.00896175,0,0.000896175,217,0,0,,,,1.50042,1.43712,0,0.0102696,0.09042
A,reuse_repeated_off,SemIf-Qwen3.5-4B,self-hosted,300,300,strict,0.0133333,0,0.04,0.0133333,0,0.04,0.0133333,0,0.606667,0,0.38,0,0,0,0,0,0,0,0,0,0,0,0,0,1.17227,1.17227,1.17227,1.89081,1.89081,1.97932,1.96162,1.17227,1.17227,1.17227,1.89081,1.89081,1.97932,1.96162,4,SemIf-Qwen3.5-4B,0,0,,118,0,0,,,,1.67435,2.68351,0,0.01088,0.072375
A,reuse_repeated_off,Laya,self-hosted,300,300,strict,0.113333,0.0866667,0.14,0.616667,0.576667,0.66,0.113333,0.62,0,0,0,0,0,0.266667,0,0,0,0,0,0,0,0,0,0,0.270684,0.261544,0.281583,0.304103,0.28858,0.371535,0.353818,,,,,,,,0,SemIf-Qwen3.5-4B,0,0,,300,0,0,,,,0.001781,0.0900789,0.0004702,0.0110002,0.0900609
A,reuse_repeated_off,Qwen3.5-4B-JSON,self-hosted,300,300,strict,0.00333333,0,0.01,0.00666667,0,0.02,0.00333333,0.00333333,0.75,0,0.243333,0,0,0,0,0,0,0,0,0,0,0,0,0,1.50955,1.50955,1.50955,1.50955,1.50955,1.50955,1.50955,1.50955,1.50955,1.50955,1.50955,1.50955,1.50955,1.50955,1,SemIf-Qwen3.5-4B,0,0,,75,0,0,,,,1.61825,4.25428,0,0.0112185,0.07125
A,reuse_repeated_on,Jev-1.13.0,hosted,300,300,strict,1,1,1,1,1,1,1,0,0,0,0,0,0,0,0,0,0,0,0,0,0,0,0,0,0.084677,0.082753,0.088317,0.196,0.170153,0.435658,0.489892,0.084677,0.082753,0.088317,0.196,0.170153,0.435658,0.489892,300,Jev-1.13.0,0.000374556,0,1.24852e-06,11,289,0,,,,0.00200275,0.0116921,0.00104466,0.0113733,0.081341
A,reuse_repeated_on,DeepSeek-V4.1-Flash,hosted,300,300,strict,1,1,1,1,1,1,1,0,0,0,0,0,0,0,0,0,0,0,0,0,0,0,0,0,0.085172,0.082894,0.088147,0.196187,0.169328,0.672541,0.724074,0.085172,0.082894,0.088147,0.196187,0.169328,0.672541,0.724074,300,Jev-1.13.0,0.0011907,0,3.969e-06,11,289,0,,,,0.00480344,0.0169674,0.00066345,0.0113733,0.081341
A,reuse_repeated_on,GLM-5.3-Flash,hosted,300,300,strict,1,1,1,1,1,1,1,0,0,0,0,0,0,0,0,0,0,0,0,0,0,0,0,0,0.085199,0.082897,0.088303,0.196757,0.169049,0.878955,0.999135,0.085199,0.082897,0.088303,0.196757,0.169049,0.878955,0.999135,300,Jev-1.13.0,0.00042605,0,1.42017e-06,11,289,0,,,,0.00675529,0.0251809,0.00065273,0.0113733,0.081341
A,reuse_repeated_on,Qwen3.8-Flash,hosted,300,300,strict,0.97,0.91,1,0.97,0.91,1,0.97,0,0.00333333,0,0.0233333,0,0,0,0.00333333,0,0,0,0,0,0,0,0,0,0.08477,0.082961,0.087651,0.194648,0.169269,1.38667,1.41335,0.08477,0.082961,0.087651,0.194648,0.169269,1.38667,1.41335,291,Jev-1.13.0,0.000559628,0,1.92312e-06,13,286,0,,,,0.0352817,0.0659577,0.00066521,0.0114349,0.0806814
A,reuse_repeated_on,SemIf-Qwen3.5-4B,self-hosted,300,300,strict,0.953333,0.866667,1,0.953333,0.866667,1,0.953333,0,0.00333333,0,0.0433333,0,0,0,0,0,0,0,0,0,0,0,0,0,0.084559,0.082743,0.087022,0.194005,0.169392,0.62394,1.01235,0.084559,0.082743,0.087022,0.194005,0.169392,0.62394,1.01235,286,SemIf-Qwen3.5-4B,0,0,,17,282,0,,,,0.0388561,0.132835,0.000808864,0.0114323,0.0808059
A,reuse_repeated_on,Laya,self-hosted,300,300,strict,0.113333,0.0866667,0.14,0.616667,0.576667,0.66,0.113333,0.62,0,0,0,0,0,0.266667,0,0,0,0,0,0,0,0,0,0,0.178817,0.168753,0.189698,0.204051,0.19624,0.265263,0.245787,0.178208,0.168138,0.189693,0.201945,0.195252,0.206245,0.205232,31,SemIf-Qwen3.5-4B,0,0,,8,292,0,,,,0.00175611,0.00282935,0.000345723,0.0113925,0.0900977
A,reuse_repeated_on,Qwen3.5-4B-JSON,self-hosted,300,300,strict,0.576667,0.46,0.66,0.89,0.723333,1,0.576667,0.313333,0.0533333,0,0.0466667,0,0,0,0.01,0,0,0,0,0,0,0,0,0,0.086912,0.084958,0.0894354,0.194511,0.178,0.19965,0.20375,0.086912,0.084958,0.0894354,0.194511,0.178,0.19965,0.20375,173,SemIf-Qwen3.5-4B,0,0,,17,267,0,,,,0.0655645,0.216733,0.000735614,0.0114261,0.080873
A,bursty,Jev-1.13.0,hosted,300,300,strict,0.95,0.923333,0.973333,1,1,1,0.95,0.05,0,0,0,0,0,0,0,0,0,0,0,0,0,0,0,0,0.380471,0.375113,0.386854,0.505504,0.482858,0.521705,0.559534,0.380471,0.375113,0.386854,0.505504,0.482858,0.521705,0.559534,285,Jev-1.13.0,0.0102938,0,3.61185e-05,300,0,0,,,,0.00949722,0.279529,0.00391218,0.0114067,0.0834073
A,bursty,DeepSeek-V4.1-Flash,hosted,300,300,strict,0.986667,0.973333,1,0.996667,0.99,1,0.986667,0.0133333,0,0,0,0,0,0,0,0,0,0,0,0,0,0,0,0,0.518986,0.489607,0.558296,0.966453,0.674554,1.08753,1.11939,0.520093,0.489821,0.563681,0.968212,0.674554,1.10887,1.12963,282,Jev-1.13.0,0.0266517,0,9.00396e-05,300,0,0,,,,0.0818375,0.387209,0.00506171,0.0110632,0.0833367
A,bursty,GLM-5.3-Flash,hosted,300,300,strict,0.223333,0.04,0.453333,0.226667,0.04,0.46,0.223333,0.00333333,0.186667,0,0.553333,0,0,0,0.0333333,0,0,0,0,0,0,0,0,0,1.23429,0.800498,1.89862,1.92922,1.84335,1.98774,1.99169,1.20464,0.78769,1.89894,1.91473,1.80561,1.98774,1.99192,65,Jev-1.13.0,0.00949405,0,0.000141702,244,0,0,,,,1.38986,0.69339,0.00270221,0.0114774,0.08425
A,bursty,Qwen3.8-Flash,hosted,300,300,strict,0.0633333,0,0.146667,0.0733333,0,0.16,0.0633333,0.01,0.566667,0,0.356667,0,0,0,0.00333333,0,0,0,0,0,0,0,0,0,1.3579,1.32496,1.36968,1.92785,1.70401,1.95385,1.94865,1.3579,1.32496,1.36968,1.92785,1.70401,1.95385,1.94865,19,Jev-1.13.0,0.0045912,0,0.000241642,130,0,0,,,,1.39929,1.43138,0.00475205,0.00904323,0.0826182
A,bursty,SemIf-Qwen3.5-4B,self-hosted,300,300,strict,0.0833333,0,0.196667,0.0866667,0,0.2,0.0833333,0.0133333,0.656667,0,0.246667,0,0,0,0,0,0,0,0,0,0,0,0,0,0.626267,0.620492,0.959035,1.49115,0.881142,1.77058,1.8132,0.626267,0.620492,0.959035,1.49115,0.881142,1.77058,1.8132,25,SemIf-Qwen3.5-4B,0,0,,103,0,0,,,,1.28025,1.67297,0,0.00906793,0.0872034
A,bursty,Laya,self-hosted,300,300,strict,0.116667,0.0766667,0.16,0.743333,0.686667,0.79,0.116667,0.783333,0,0,0,0,0,0.1,0,0,0,0,0,0,0,0,0,0,0.235475,0.21229,0.258762,0.329285,0.292095,0.380175,0.370509,0.23526,0.22509,0.26444,0.310906,0.25768,0.31966,0.317909,4,SemIf-Qwen3.5-4B,0,0,,300,0,1,,,,0.00200354,0.107854,0.00313214,0.0123042,0.0961719
A,bursty,Qwen3.5-4B-JSON,self-hosted,300,300,strict,0.0533333,0,0.13,0.07,0,0.173333,0.0533333,0.0166667,0.766667,0,0.16,0,0,0,0.00333333,0,0,0,0,0,0,0,0,0,1.01196,0.99541,1.34185,1.77087,1.48849,1.95783,1.92044,0.99541,0.99541,1.20172,1.78333,1.48849,1.95783,1.92293,15,SemIf-Qwen3.5-4B,0,0,,70,0,0,,,,1.10859,2.70299,0,0.00931933,0.0866286
B,steady_changing_off,Jev-1.13.0,hosted,240,180,operational,0.488889,0.43956,0.533333,0.511111,0.451087,0.564972,0,0,0,0,0,0,0,0,0,0.75,0,0.25,0,0,0,0,0,0,0.34021,0.333829,0.350676,0.421057,0.408602,0.478144,0.513847,0.34021,0.333829,0.350676,0.421057,0.408602,0.478144,0.513847,92,Jev-1.13.0,0.00827362,0,8.99307e-05,240,0,0,0,0,60,0.00243442,0.279908,0.00249179,,0.0651933
B,steady_changing_off,DeepSeek-V4.1-Flash,hosted,240,180,operational,0.4,0.283333,0.513812,0.411111,0.292818,0.52514,0,0,0.1125,0,0.0625,0,0,0,0,0.620833,0,0.204167,0,0,0,0,0,0,0.475612,0.458997,0.526666,1.06774,0.732205,1.48167,1.5334,0.475612,0.458997,0.526666,1.06774,0.732205,1.48167,1.5334,74,Jev-1.13.0,0.0228816,0,0.000309211,213,0,0,0,0,49,0.0540625,0.823859,0.00581721,,0.0647348
B,steady_changing_off,GLM-5.3-Flash,hosted,240,180,operational,0.444444,0.361582,0.516667,0.45,0.366667,0.519553,0,0,0.00833333,0,0.075,0,0,0,0,0.679167,0,0.2375,0,0,0,0,0,0,0.71212,0.655751,0.788364,1.05026,0.937293,1.29019,1.31973,0.71212,0.655751,0.788364,1.05026,0.937293,1.29019,1.31973,81,Jev-1.13.0,0.00947758,0,0.000117007,238,0,0,0,0,57,0.0889736,0.72491,0.00316212,,0.0675501
B,steady_changing_off,Qwen3.8-Flash,hosted,240,180,operational,0.3,0.178771,0.409836,0.316667,0.186813,0.438889,0,0,0.025,0,0.254167,0,0.00416667,0,0.00833333,0.520833,0,0.1875,0,0,0,0,0,0,1.3889,1.34534,1.48071,1.83905,1.70424,1.93757,1.91667,1.3889,1.34534,1.48071,1.83905,1.70424,1.93757,1.91667,57,Jev-1.13.0,0.0123797,1,0.000217188,234,0,0,0,0,45,0.304546,1.49704,0.00151423,,0.0795507
B,steady_changing_off,SemIf-Qwen3.5-4B,self-hosted,240,180,operational,0.111111,0.0333333,0.2,0.15,0.0393258,0.26523,0,0,0.104167,0,0.5625,0,0,0,0.00416667,0.241667,0,0.0875,0,0,0,0,0,0,1.07851,0.915145,1.55899,1.67588,1.55187,1.87562,1.82401,1.07851,0.915145,1.55899,1.67588,1.55187,1.87562,1.82401,27,SemIf-Qwen3.5-4B,0,0,,215,0,0,0,0,20,0.650235,1.82022,3.56457e-05,,0.0732555
B,steady_changing_off,Laya,self-hosted,240,180,operational,0.0444444,0.0222222,0.0662983,0.255556,0.174863,0.344444,0,0,0,0,0,0,0,0.225,0,0.454167,0,0.320833,0,0,0,0,0,0,0.177539,0.164722,0.186862,0.232584,0.216492,0.246756,0.256537,0.184582,0.164722,0.205765,0.237217,0.189279,0.27121,0.264411,17,SemIf-Qwen3.5-4B,0,0,,240,0,0,0,0,60,0.00184078,0.106708,0.00156803,,0.0765378
B,steady_changing_off,Qwen3.5-4B-JSON,self-hosted,240,180,operational,0.0111111,0,0.0333333,0.0111111,0,0.0333333,0,0,0.416667,0,0.55,0,0,0,0,0.025,0,0.00833333,0,0,0,0,0,0,1.03193,1.03193,1.03193,1.15359,1.15359,1.1671,1.1644,1.03193,1.03193,1.03193,1.15359,1.15359,1.1671,1.1644,2,SemIf-Qwen3.5-4B,0,0,,140,0,0,0,0,2,1.30924,3.34967,3.54511e-05,,0.076919
B,steady_changing_on,Jev-1.13.0,hosted,240,180,operational,0.483333,0.433333,0.52809,0.511111,0.451087,0.564972,0,0,0,0,0,0,0,0,0,0.75,0,0.25,0,0,0,0,0,0,0.337634,0.324627,0.350275,0.476184,0.428358,0.671871,0.93462,0.337634,0.324627,0.350275,0.476184,0.428358,0.671871,0.93462,92,Jev-1.13.0,0.00827362,0,8.99307e-05,240,0,0,0,0,60,0.00238388,0.280007,0.00376827,,0.0650612
B,steady_changing_on,DeepSeek-V4.1-Flash,hosted,240,180,operational,0.494444,0.438889,0.547486,0.505556,0.447514,0.559367,0,0,0,0,0,0,0,0,0,0.75,0,0.25,0,0,0,0,0,0,0.480167,0.468533,0.495325,0.694122,0.664008,0.816922,0.92133,0.480167,0.468533,0.495325,0.694122,0.664008,0.816922,0.92133,91,Jev-1.13.0,0.0203642,0,0.000223782,240,0,0,0,0,60,0.00627818,0.470842,0.00412095,,0.0662006
B,steady_changing_on,GLM-5.3-Flash,hosted,240,180,operational,0.444444,0.372865,0.519337,0.45,0.375691,0.524862,0,0,0,0,0.104167,0,0,0,0,0.679167,0,0.216667,0,0,0,0,0,0,0.752279,0.680576,0.819022,1.56981,0.941567,1.89529,1.89872,0.752279,0.680576,0.819022,1.56981,0.941567,1.89529,1.89872,81,Jev-1.13.0,0.00959083,0,0.000118405,240,0,0,0,0,52,0.12065,0.841626,0.00350281,,0.070637
B,steady_changing_on,Qwen3.8-Flash,hosted,240,180,operational,0.277778,0.187845,0.366667,0.277778,0.187845,0.366667,0,0,0.0125,0,0.358333,0,0,0,0.00416667,0.454167,0,0.170833,0,0,0,0,0,0,1.54122,1.39061,1.65479,1.95257,1.81328,1.99625,1.99762,1.54122,1.39061,1.65479,1.95257,1.81328,1.99625,1.99762,50,Jev-1.13.0,0.00863951,0,0.00017279,237,0,0,0,0,41,0.32172,1.57579,0.000969668,,0.0742917
B,steady_changing_on,SemIf-Qwen3.5-4B,self-hosted,240,180,operational,0.0333333,0,0.1,0.0388889,0,0.116667,0,0,0.375,0,0.545833,0,0,0,0,0.0625,0,0.0166667,0,0,0,0,0,0,0.698775,0.698775,0.698775,1.72288,1.72288,1.75215,1.74629,0.698775,0.698775,0.698775,1.72288,1.72288,1.75215,1.74629,7,SemIf-Qwen3.5-4B,0,0,,150,0,0,0,0,4,1.08921,3.03805,3.82972e-05,,0.0737768
B,steady_changing_on,Laya,self-hosted,240,180,operational,0.0444444,0.0222222,0.0662983,0.255556,0.174863,0.344444,0,0,0,0,0,0,0,0.225,0,0.454167,0,0.320833,0,0,0,0,0,0,0.17919,0.176169,0.186905,0.222757,0.207315,0.248972,0.252943,0.182974,0.182974,0.182974,0.208088,0.208088,0.211805,0.211062,4,SemIf-Qwen3.5-4B,0,0,,240,0,0,0,0,60,0.00186723,0.101807,0.00166783,,0.0802632
B,steady_changing_on,Qwen3.5-4B-JSON,self-hosted,240,180,operational,0.0111111,0,0.0333333,0.0111111,0,0.0333333,0,0,0.683333,0,0.3,0,0,0,0,0.0125,0,0.00416667,0,0,0,0,0,0,1.10379,1.10379,1.10379,1.19622,1.19622,1.20649,1.20443,1.10379,1.10379,1.10379,1.19622,1.19622,1.20649,1.20443,2,SemIf-Qwen3.5-4B,0,0,,76,0,0,0,0,1,1.31715,6.28068,3.4625e-05,,0.0850437
B,steady_repeated_off,Jev-1.13.0,hosted,240,180,operational,0.5,0.438889,0.564246,0.5,0.438889,0.564246,0,0,0,0,0,0,0,0,0,0.75,0,0.25,0,0,0,0,0,0,0.336318,0.328561,0.343266,0.470112,0.432982,0.507446,0.523917,0.336318,0.328561,0.343266,0.470112,0.432982,0.507446,0.523917,90,Jev-1.13.0,0.00817488,0,9.0832e-05,240,0,0,0,0,60,0.00191092,0.274429,0.00345277,,0.0729686
B,steady_repeated_off,DeepSeek-V4.1-Flash,hosted,240,180,operational,0.494444,0.435754,0.559322,0.494444,0.435754,0.559322,0,0,0,0,0.00833333,0,0,0,0,0.741667,0,0.25,0,0,0,0,0,0,0.484564,0.475706,0.496699,0.764288,0.726199,1.55197,1.5617,0.484564,0.475706,0.496699,0.764288,0.726199,1.55197,1.5617,89,Jev-1.13.0,0.0254784,0,0.000286274,240,0,0,0,0,60,0.00459705,0.51748,0.00667601,,0.066287
B,steady_repeated_off,GLM-5.3-Flash,hosted,240,180,operational,0.45,0.366667,0.530387,0.45,0.366667,0.530387,0,0,0,0,0.0666667,0,0,0,0.00416667,0.695833,0,0.233333,0,0,0,0,0,0,0.649876,0.646338,0.694929,1.31892,0.828155,1.58759,1.67393,0.649876,0.646338,0.694929,1.31892,0.828155,1.58759,1.67393,81,Jev-1.13.0,0.00897132,0,0.000110757,240,0,0,0,0,56,0.107741,0.712894,0.00185456,,0.0608161
B,steady_repeated_off,Qwen3.8-Flash,hosted,240,180,operational,0.322222,0.224702,0.424581,0.322222,0.224702,0.424581,0,0,0.0375,0,0.325,0,0,0,0.0125,0.458333,0,0.166667,0,0,0,0,0,0,1.41215,1.35782,1.51865,1.92326,1.81814,1.98698,1.96496,1.41215,1.35782,1.51865,1.92326,1.81814,1.98698,1.96496,58,Jev-1.13.0,0.00975292,0,0.000168154,231,0,0,0,0,40,0.377447,1.50958,0.000315031,,0.0638624
B,steady_repeated_off,SemIf-Qwen3.5-4B,self-hosted,240,180,operational,0.0111111,0,0.0333333,0.0111111,0,0.0333333,0,0,0.358333,0,0.629167,0,0,0,0,0.0125,0,0,0,0,0,0,0,0,1.09795,1.09795,1.09795,1.13544,1.13544,1.13961,1.13878,1.09795,1.09795,1.09795,1.13544,1.13544,1.13961,1.13878,2,SemIf-Qwen3.5-4B,0,0,,154,0,0,0,0,0,1.30387,3.07595,3.65833e-05,,0.0777133
B,steady_repeated_off,Laya,self-hosted,240,180,operational,0,0,0,0.233333,0.188889,0.283333,0,0,0,0,0,0,0,0.25,0,0.375,0,0.375,0,0,0,0,0,0,0.171943,0.16618,0.177557,0.222823,0.218728,0.269148,0.254362,,,,,,,,0,SemIf-Qwen3.5-4B,0,0,,240,0,0,0,0,60,0.00174132,0.0935561,0.00108803,,0.0814602
B,steady_repeated_off,Qwen3.5-4B-JSON,self-hosted,240,180,operational,0.0111111,0,0.0333333,0.0111111,0,0.0333333,0,0,0.583333,0,0.408333,0,0,0,0,0.00833333,0,0,0,0,0,0,0,0,1.63802,1.63802,1.63802,1.83057,1.83057,1.85197,1.84769,1.63802,1.63802,1.63802,1.83057,1.83057,1.85197,1.84769,2,SemIf-Qwen3.5-4B,0,0,,100,0,0,0,0,0,1.39587,4.77829,3.88748e-05,,0.092647
B,steady_repeated_on,Jev-1.13.0,hosted,240,180,operational,0.5,0.438889,0.564246,0.5,0.438889,0.564246,0,0,0,0,0,0,0,0,0,0.75,0,0.25,0,0,0,0,0,0,0.0737455,0.065611,0.080751,0.126088,0.091479,0.33128,0.361434,0.0737455,0.065611,0.080751,0.126088,0.091479,0.33128,0.361434,90,Jev-1.13.0,0.000272496,0,3.02773e-06,8,232,0,0,0,60,0.00133805,0.0104167,0.00307427,,0.0713137
B,steady_repeated_on,DeepSeek-V4.1-Flash,hosted,240,180,operational,0.5,0.438889,0.564246,0.5,0.438889,0.564246,0,0,0,0,0,0,0,0,0,0.75,0,0.25,0,0,0,0,0,0,0.0628335,0.0619795,0.067964,0.118489,0.0853724,0.488382,0.511445,0.0628335,0.0619795,0.067964,0.118489,0.0853724,0.488382,0.511445,90,Jev-1.13.0,0.0008502,0,9.44667e-06,8,232,0,0,0,60,0.00186572,0.0150415,0.00268215,,0.0642286
B,steady_repeated_on,GLM-5.3-Flash,hosted,240,180,operational,0.5,0.438889,0.564246,0.5,0.438889,0.564246,0,0,0,0,0,0,0,0,0,0.75,0,0.25,0,0,0,0,0,0,0.0808735,0.070777,0.083247,0.130543,0.092597,0.664227,0.723912,0.0808735,0.070777,0.083247,0.130543,0.092597,0.664227,0.723912,90,Jev-1.13.0,0.00031068,0,3.452e-06,8,232,0,0,0,60,0.00170873,0.0236819,0.00358438,,0.0738635
B,steady_repeated_on,Qwen3.8-Flash,hosted,240,180,operational,0.5,0.438889,0.564246,0.5,0.438889,0.564246,0,0,0,0,0.00416667,0,0,0,0,0.75,0,0.245833,0,0,0,0,0,0,0.0833995,0.081931,0.084187,0.125017,0.0989794,1.5461,1.55358,0.0833995,0.081931,0.084187,0.125017,0.0989794,1.5461,1.55358,90,Jev-1.13.0,0.000344772,0,3.8308e-06,8,232,0,0,0,59,0.00333391,0.0473647,0.00364576,,0.0760822
B,steady_repeated_on,SemIf-Qwen3.5-4B,self-hosted,240,180,operational,0.5,0.438889,0.564246,0.5,0.438889,0.564246,0,0,0,0,0.0125,0,0,0,0,0.741667,0,0.245833,0,0,0,0,0,0,0.0828745,0.073908,0.084218,0.132155,0.0987556,0.759683,0.772099,0.0828745,0.073908,0.084218,0.132155,0.0987556,0.759683,0.772099,90,SemIf-Qwen3.5-4B,0,0,,8,232,0,0,0,59,0.00182988,0.0559566,0.00345812,,0.0756264
B,steady_repeated_on,Laya,self-hosted,240,180,operational,0,0,0,0.233333,0.188889,0.283333,0,0,0,0,0,0,0,0.25,0,0.375,0,0.375,0,0,0,0,0,0,0.087302,0.082809,0.089755,0.127602,0.101862,0.135758,0.134982,0.08721,0.082809,0.089755,0.12814,0.101862,0.135758,0.135001,41,SemIf-Qwen3.5-4B,0,0,,8,232,0,0,0,60,0.00177314,0.0027996,0.0039045,,0.0813608
B,steady_repeated_on,Qwen3.5-4B-JSON,self-hosted,240,180,operational,0.238889,0.205556,0.275281,0.488889,0.428571,0.55618,0,0,0,0,0.0333333,0,0,0,0,0.729167,0,0.2375,0,0,0,0,0,0,0.0838555,0.081847,0.0854895,0.132693,0.103636,1.27725,1.31022,0.0838555,0.081847,0.0854895,0.132693,0.103636,1.27725,1.31022,88,SemIf-Qwen3.5-4B,0,0,,11,229,0,0,0,57,0.0197425,0.160972,0.003042,,0.0805091
B,bursty_changing_off,Jev-1.13.0,hosted,240,180,operational,0.483333,0.433333,0.52809,0.511111,0.451087,0.564972,0,0,0,0,0,0,0,0,0,0.75,0,0.25,0,0,0,0,0,0,0.350453,0.335903,0.367333,0.459339,0.426972,0.503931,0.597257,0.350453,0.335903,0.367333,0.459339,0.426972,0.503931,0.597257,92,Jev-1.13.0,0.00827362,0,8.99307e-05,240,0,0,0,0,60,0.0145508,0.277842,0.00704163,,0.0615803
B,bursty_changing_off,DeepSeek-V4.1-Flash,hosted,240,180,operational,0.455556,0.368132,0.533708,0.466667,0.375691,0.547486,0,0,0,0,0.0458333,0,0,0,0.00833333,0.708333,0,0.2375,0,0,0,0,0,0,0.597433,0.542099,0.711681,1.86424,0.852669,1.91891,1.92341,0.597433,0.542099,0.711681,1.86424,0.852669,1.91891,1.92341,84,Jev-1.13.0,0.0197609,0,0.000235249,240,0,0,0,0,57,0.347065,0.436504,0.0104165,,0.0633616
B,bursty_changing_off,GLM-5.3-Flash,hosted,240,180,operational,0.166667,0.0505618,0.292818,0.166667,0.0505618,0.292818,0,0,0.129167,0,0.529167,0,0,0,0.0291667,0.229167,0,0.0833333,0,0,0,0,0,0,1.27027,0.771524,1.84137,1.95199,1.73161,1.99874,1.98621,1.27027,0.771524,1.84137,1.95199,1.73161,1.99874,1.98621,30,Jev-1.13.0,0.0083807,0,0.000279357,209,0,0,0,0,20,1.25692,0.656968,0.00854317,,0.0666455
B,bursty_changing_off,Qwen3.8-Flash,hosted,240,180,operational,0.0388889,0,0.0955056,0.0388889,0,0.0955056,0,0,0.558333,0,0.345833,0,0,0,0,0.0708333,0,0.025,0,0,0,0,0,0,1.51031,1.48265,1.73956,1.74765,1.65254,1.75978,1.75735,1.51031,1.48265,1.73956,1.74765,1.65254,1.75978,1.75735,7,Jev-1.13.0,0.00389837,0,0.00055691,106,0,0,0,0,6,1.2828,1.52082,0.00607656,,0.0652738
B,bursty_changing_off,SemIf-Qwen3.5-4B,self-hosted,240,180,operational,0.05,0.010989,0.106145,0.0555556,0.010989,0.122905,0,0,0.620833,0,0.254167,0,0,0.00416667,0.00416667,0.0916667,0,0.025,0,0,0,0,0,0,0.614343,0.586682,1.22343,1.24181,0.611518,1.40723,1.37415,0.614343,0.586682,1.22343,1.24181,0.611518,1.40723,1.37415,10,SemIf-Qwen3.5-4B,0,0,,91,0,0,0,0,6,1.14542,1.61547,3.99281e-05,,0.0726825
B,bursty_changing_off,Laya,self-hosted,240,180,operational,0.0444444,0.0222222,0.0662983,0.255556,0.174863,0.344444,0,0,0,0,0,0,0,0.225,0,0.454167,0,0.320833,0,0,0,0,0,0,0.168453,0.155458,0.186773,0.249217,0.222729,0.266353,0.264668,0.211888,0.206649,0.211888,0.232102,0.211888,0.234348,0.233899,3,SemIf-Qwen3.5-4B,0,0,,240,0,0,0,0,60,0.00199615,0.11786,0.00111065,,0.0721005
B,bursty_changing_off,Qwen3.5-4B-JSON,self-hosted,240,180,operational,0.0166667,0,0.0388889,0.0222222,0.00549451,0.0444444,0,0,0.720833,0,0.225,0,0,0,0,0.0458333,0,0.00833333,0,0,0,0,0,0,0.967427,0.939868,1.63884,1.54176,0.94317,1.63884,1.61942,0.967427,0.939868,1.63884,1.54176,0.94317,1.63884,1.61942,4,SemIf-Qwen3.5-4B,0,0,,67,0,0,0,0,2,0.986943,2.59581,3.64243e-05,,0.076468
B,bursty_changing_on,Jev-1.13.0,hosted,240,180,operational,0.483333,0.436464,0.52809,0.511111,0.451087,0.564972,0,0,0,0,0,0,0,0,0,0.75,0,0.25,0,0,0,0,0,0,0.347268,0.322951,0.359232,0.449439,0.431923,0.50664,0.527934,0.347268,0.322951,0.359232,0.449439,0.431923,0.50664,0.527934,92,Jev-1.13.0,0.00827362,0,8.99307e-05,240,0,0,0,0,60,0.0145328,0.270741,0.00871102,,0.0652609
B,bursty_changing_on,DeepSeek-V4.1-Flash,hosted,240,180,operational,0.494444,0.438889,0.547486,0.505556,0.447514,0.559367,0,0,0,0,0,0,0,0,0,0.75,0,0.25,0,0,0,0,0,0,0.57554,0.526451,0.827097,1.35722,0.839466,1.4363,1.4379,0.57554,0.526451,0.827097,1.35722,0.839466,1.4363,1.4379,91,Jev-1.13.0,0.0197549,0,0.000217087,240,0,0,0,0,60,0.17408,0.444435,0.0170355,,0.0711903
B,bursty_changing_on,GLM-5.3-Flash,hosted,240,180,operational,0.211111,0.0777778,0.351955,0.211111,0.0777778,0.351955,0,0,0.145833,0,0.425,0,0,0,0.00416667,0.320833,0,0.1,0,0.00416667,0,0,0,0,1.24604,0.762481,1.60252,1.9602,1.886,1.9844,1.98504,1.24604,0.762481,1.60252,1.9602,1.886,1.9844,1.98504,38,Jev-1.13.0,0.00809455,0,0.000213014,205,0,0,0,0,24,1.12605,0.664762,0.00990593,,0.0729966
B,bursty_changing_on,Qwen3.8-Flash,hosted,240,180,operational,0.0444444,0.00549451,0.100559,0.0444444,0.00549451,0.100559,0,0,0.545833,0,0.345833,0,0,0,0,0.0791667,0,0.0291667,0,0,0,0,0,0,1.4477,1.14078,1.46699,1.98106,1.14078,1.9882,1.98677,1.4477,1.14078,1.46699,1.98106,1.14078,1.9882,1.98677,8,Jev-1.13.0,0.00378493,0,0.000473117,109,0,0,0,0,7,1.30015,1.45805,0.000307123,,0.0736329
B,bursty_changing_on,SemIf-Qwen3.5-4B,self-hosted,240,180,operational,0.05,0.010989,0.106145,0.0555556,0.010989,0.122905,0,0,0.633333,0,0.241667,0,0,0.00416667,0.00416667,0.0916667,0,0.025,0,0,0,0,0,0,0.623881,0.612205,1.24438,1.26359,0.622567,1.4365,1.40192,0.623881,0.612205,1.24438,1.26359,0.622567,1.4365,1.40192,10,SemIf-Qwen3.5-4B,0,0,,88,0,0,0,0,6,1.11066,1.66978,4.29963e-05,,0.0780987
B,bursty_changing_on,Laya,self-hosted,240,180,operational,0.0444444,0.0222222,0.0662983,0.255556,0.174863,0.344444,0,0,0,0,0,0,0,0.225,0,0.454167,0,0.320833,0,0,0,0,0,0,0.170893,0.151839,0.18551,0.262178,0.200468,0.292321,0.292241,0.18889,0.18889,0.207637,0.227948,0.18889,0.232288,0.23142,3,SemIf-Qwen3.5-4B,0,0,,240,0,0,0,0,60,0.00238945,0.112797,0.00106644,,0.0714813
B,bursty_changing_on,Qwen3.5-4B-JSON,self-hosted,240,180,operational,0.0166667,0,0.0388889,0.0222222,0.00549451,0.0444444,0,0,0.725,0,0.220833,0,0,0,0,0.0458333,0,0.00833333,0,0,0,0,0,0,0.952662,0.897744,1.63549,1.53743,0.920991,1.63549,1.61587,0.952662,0.897744,1.63549,1.53743,0.920991,1.63549,1.61587,4,SemIf-Qwen3.5-4B,0,0,,66,0,0,0,0,2,0.977677,2.60552,3.37576e-05,,0.0755475
B,bursty_repeated_off,Jev-1.13.0,hosted,240,180,operational,0.5,0.438889,0.564246,0.5,0.438889,0.564246,0,0,0,0,0,0,0,0,0,0.75,0,0.25,0,0,0,0,0,0,0.364483,0.350783,0.378958,0.518402,0.417505,0.593244,0.602021,0.364483,0.350783,0.378958,0.518402,0.417505,0.593244,0.602021,90,Jev-1.13.0,0.00817488,0,9.0832e-05,240,0,0,0,0,60,0.02633,0.27612,0.00870055,,0.0676569
B,bursty_repeated_off,DeepSeek-V4.1-Flash,hosted,240,180,operational,0.444444,0.366667,0.519553,0.444444,0.366667,0.519553,0,0,0.00833333,0,0.141667,0,0,0,0.0125,0.629167,0,0.208333,0,0,0,0,0,0,1.32487,0.583853,1.62041,1.87,1.69181,1.91732,1.92152,1.32487,0.583853,1.62041,1.87,1.69181,1.91732,1.92152,80,Jev-1.13.0,0.025209,0,0.000315112,238,0,0,0,0,50,0.744192,0.466538,0.0133849,,0.0719884
B,bursty_repeated_off,GLM-5.3-Flash,hosted,240,180,operational,0.111111,0.0111732,0.244515,0.111111,0.0111732,0.244515,0,0,0.195833,0,0.604167,0,0,0,0.0125,0.145833,0,0.0416667,0,0,0,0,0,0,1.33938,1.27115,1.99692,1.997,1.96005,1.99859,1.99827,1.33938,1.27115,1.99692,1.997,1.96005,1.99859,1.99827,20,Jev-1.13.0,0.00726102,0,0.000363051,193,0,0,0,0,10,1.41277,0.718196,0.00744172,,0.0727646
B,bursty_repeated_off,Qwen3.8-Flash,hosted,240,180,operational,0.0277778,0,0.0659341,0.0277778,0,0.0659341,0,0,0.7125,0,0.183333,0,0.0416667,0,0,0.05,0,0.0125,0,0,0,0,0,0,1.52124,1.45256,1.59055,1.68916,1.4664,1.71382,1.70889,1.52124,1.45256,1.59055,1.68916,1.4664,1.71382,1.70889,5,Jev-1.13.0,0.00233705,10,0.000467411,69,0,0,0,0,3,1.12359,2.78551,0.00211089,,0.0741948
B,bursty_repeated_off,SemIf-Qwen3.5-4B,self-hosted,240,180,operational,0.0555556,0,0.131868,0.0555556,0,0.131868,0,0,0.6875,0,0.208333,0,0,0,0,0.0833333,0,0.0208333,0,0,0,0,0,0,0.65512,0.634232,0.86507,1.84334,1.62291,1.88355,1.87551,0.65512,0.634232,0.86507,1.84334,1.62291,1.88355,1.87551,10,SemIf-Qwen3.5-4B,0,0,,75,0,0,0,0,5,1.07624,1.96017,5.52144e-05,,0.0782941
B,bursty_repeated_off,Laya,self-hosted,240,180,operational,0,0,0,0.233333,0.188889,0.283333,0,0,0,0,0,0,0,0.25,0,0.375,0,0.375,0,0,0,0,0,0,0.169211,0.160172,0.196692,0.275805,0.243804,0.394144,0.346878,0.176738,0.165314,0.195771,0.202924,0.167664,0.20599,0.205377,4,SemIf-Qwen3.5-4B,0,0,,240,0,0,0,0,60,0.00201105,0.106872,0.00145837,,0.0729114
B,bursty_repeated_off,Qwen3.5-4B-JSON,self-hosted,240,180,operational,0.0111111,0,0.0333333,0.0277778,0,0.0659341,0,0,0.766667,0,0.15,0,0,0,0,0.0625,0,0.0208333,0,0,0,0,0,0,0.905873,0.905873,1.02982,1.13355,0.947858,1.17881,1.16976,0.905873,0.905873,1.02982,1.13355,0.947858,1.17881,1.16976,5,SemIf-Qwen3.5-4B,0,0,,56,0,0,0,0,5,0.930922,2.86079,3.60167e-05,,0.0793773
B,bursty_repeated_on,Jev-1.13.0,hosted,240,180,operational,0.5,0.438889,0.564246,0.5,0.438889,0.564246,0,0,0,0,0,0,0,0,0,0.75,0,0.25,0,0,0,0,0,0,0.075748,0.064466,0.081926,0.144371,0.096734,0.309893,0.321618,0.075748,0.064466,0.081926,0.144371,0.096734,0.309893,0.321618,90,Jev-1.13.0,0.000272496,0,3.02773e-06,8,232,0,0,0,60,0.00159187,0.00938075,0.00834534,,0.0670022
B,bursty_repeated_on,DeepSeek-V4.1-Flash,hosted,240,180,operational,0.5,0.438889,0.564246,0.5,0.438889,0.564246,0,0,0,0,0,0,0,0,0,0.75,0,0.25,0,0,0,0,0,0,0.071455,0.059223,0.081936,0.144385,0.0939361,0.416977,0.475617,0.071455,0.059223,0.081936,0.144385,0.0939361,0.416977,0.475617,90,Jev-1.13.0,0.0008574,0,9.52667e-06,8,232,0,0,0,60,0.00160595,0.0156395,0.00906778,,0.0644936
B,bursty_repeated_on,GLM-5.3-Flash,hosted,240,180,operational,0.5,0.438889,0.564246,0.5,0.438889,0.564246,0,0,0,0,0,0,0,0,0,0.75,0,0.25,0,0,0,0,0,0,0.075722,0.063768,0.0819115,0.146311,0.092629,0.67087,0.675215,0.075722,0.063768,0.0819115,0.146311,0.092629,0.67087,0.675215,90,Jev-1.13.0,0.00029832,0,3.31467e-06,8,232,0,0,0,60,0.00158365,0.0242126,0.00886749,,0.0670728
B,bursty_repeated_on,Qwen3.8-Flash,hosted,240,180,operational,0.5,0.438889,0.564246,0.5,0.438889,0.564246,0,0,0,0,0.00416667,0,0,0,0,0.745833,0,0.25,0,0,0,0,0,0,0.0615285,0.058466,0.0694593,0.129286,0.0950331,1.07273,1.11766,0.0615285,0.058466,0.0694593,0.129286,0.0950331,1.07273,1.11766,90,Jev-1.13.0,0.000334902,0,3.72113e-06,8,232,0,0,0,60,0.00168646,0.0521262,0.0074384,,0.0616572
B,bursty_repeated_on,SemIf-Qwen3.5-4B,self-hosted,240,180,operational,0.5,0.438889,0.564246,0.5,0.438889,0.564246,0,0,0,0,0,0,0,0,0,0.75,0,0.25,0,0,0,0,0,0,0.074161,0.06595,0.08193,0.159411,0.108021,0.589248,0.620053,0.074161,0.06595,0.08193,0.159411,0.108021,0.589248,0.620053,90,SemIf-Qwen3.5-4B,0,0,,8,232,0,0,0,60,0.00164299,0.0183223,0.0098017,,0.0673813
B,bursty_repeated_on,Laya,self-hosted,240,180,operational,0,0,0,0.233333,0.188889,0.283333,0,0,0,0,0,0,0,0.25,0,0.375,0,0.375,0,0,0,0,0,0,0.0847985,0.082716,0.0906525,0.104296,0.096494,0.14604,0.129887,0.084369,0.082474,0.090261,0.10091,0.092087,0.14604,0.129414,41,SemIf-Qwen3.5-4B,0,0,,8,232,0,0,0,60,0.00186671,0.00351883,0.0040825,,0.0771919
B,bursty_repeated_on,Qwen3.5-4B-JSON,self-hosted,240,180,operational,0.244444,0.211111,0.27933,0.5,0.438889,0.564246,0,0,0,0,0,0,0,0,0,0.75,0,0.25,0,0,0,0,0,0,0.0771595,0.067096,0.083417,0.15023,0.0998606,0.936258,0.957949,0.0771595,0.067096,0.083417,0.15023,0.0998606,0.936258,0.957949,90,SemIf-Qwen3.5-4B,0,0,,8,232,0,0,0,60,0.00157792,0.0291086,0.00984519,,0.0685364
