part,cell,model,anchor,deployment,G_primary,G_primary_ci_low,G_primary_ci_high,G_primary_p,G_operational,G_operational_ci_low,G_operational_ci_high,dT95,dT95_ci_low,dT95_ci_high,dT95_p,dT50,dT50_ci_low,dT50_ci_high,n_shared,h7_eligible
A,load_1,DeepSeek-V4.1-Flash,Jev-1.13.0,hosted,0.0333333,-0.0333333,0.12,0.463,0.0833333,0.01,0.173333,0.177339,0.0647755,0.223649,9.999e-05,0.079871,0.070541,0.093774,257,true
A,load_1,GLM-5.3-Flash,Jev-1.13.0,hosted,0.0233333,-0.0166667,0.0666667,0.302,0.0733333,0.0466667,0.1,0.677479,0.606173,0.883969,9.999e-05,0.400581,0.367657,0.422574,259,true
A,load_1,Qwen3.8-Flash,Jev-1.13.0,hosted,0.04,-0.00666667,0.0833333,0.1116,0.07,0.04,0.1,1.2874,1.22855,1.3824,9.999e-05,0.979564,0.947612,1.00035,255,true
A,load_1,Laya,SemIf-Qwen3.5-4B,self-hosted,0.513333,0.436667,0.59,9.999e-05,0.103333,0.0433333,0.16,-1.03597,-1.41954,-0.665201,9.999e-05,-0.462372,-0.493015,-0.402576,28,false
A,load_1,Qwen3.5-4B-JSON,SemIf-Qwen3.5-4B,self-hosted,0.436667,0.313333,0.56,9.999e-05,0.506667,0.28,0.73,0.842047,0.70046,1.10635,0.00010016,0.580294,0.413826,0.700947,46,true
A,load_2,DeepSeek-V4.1-Flash,Jev-1.13.0,hosted,-0.0233333,-0.0466667,0.00333333,0.1014,0.0133333,0,0.0333333,0.305942,0.153347,0.449682,9.999e-05,0.13511,0.121006,0.145367,281,true
A,load_2,GLM-5.3-Flash,Jev-1.13.0,hosted,0.13,0.0333333,0.236667,0.005,0.166667,0.07,0.27,1.06768,0.71327,1.34195,9.999e-05,0.421906,0.395549,0.448553,238,true
A,load_2,Qwen3.8-Flash,Jev-1.13.0,hosted,0.293333,0.176667,0.43,9.999e-05,0.303333,0.196667,0.43,1.40681,1.33246,1.46201,9.999e-05,1.09099,1.07055,1.1304,190,true
A,load_2,Laya,SemIf-Qwen3.5-4B,self-hosted,-0.03,-0.14,0.113333,0.6424,-0.643333,-0.75,-0.5,-1.20863,-1.24837,-1.20863,0.000153586,-0.850966,-0.850966,-0.850966,2,false
A,load_2,Qwen3.5-4B-JSON,SemIf-Qwen3.5-4B,self-hosted,0.0833333,0.00333333,0.2,0.0116,0.0933333,0.01,0.22,0.580228,0.580228,0.580228,0.000153586,0.580228,0.580228,0.580228,1,false
A,load_4,DeepSeek-V4.1-Flash,Jev-1.13.0,hosted,-0.0466667,-0.0666667,-0.0266667,9.999e-05,0,-0.01,0.01,0.209362,0.157155,0.226106,9.999e-05,0.123369,0.112089,0.133462,278,true
A,load_4,GLM-5.3-Flash,Jev-1.13.0,hosted,0.13,0.0133333,0.263333,0.0232,0.186667,0.0633333,0.333333,1.3962,1.28666,1.43451,9.999e-05,0.819029,0.723032,0.984174,232,true
A,load_4,Qwen3.8-Flash,Jev-1.13.0,hosted,0.91,0.883333,0.94,9.999e-05,0.966667,0.943333,0.986667,1.43421,1.26527,1.62914,0.00010009,1.25287,1.15993,1.59701,8,false
A,load_4,Laya,SemIf-Qwen3.5-4B,self-hosted,-0.106667,-0.153333,-0.06,9.999e-05,-0.733333,-0.783333,-0.68,-0.660406,-0.660406,-0.660406,0.000153586,-0.660406,-0.660406,-0.660406,1,false
A,load_4,Qwen3.5-4B-JSON,SemIf-Qwen3.5-4B,self-hosted,0.00666667,0,0.02,0.698,0.00333333,0,0.01,0.322233,0.322233,0.322233,0.000153586,0.322233,0.322233,0.322233,1,false
A,load_8,DeepSeek-V4.1-Flash,Jev-1.13.0,hosted,0.34,0.0933333,0.61,0.0044,0.393333,0.16,0.653333,1.39689,0.975838,1.49556,9.999e-05,0.572727,0.288272,0.979538,168,true
A,load_8,GLM-5.3-Flash,Jev-1.13.0,hosted,0.866667,0.75,0.943417,9.999e-05,0.923333,0.8,1,1.50527,1.4703,1.57808,0.000102987,1.19667,1.12416,1.56478,21,false
A,load_8,Qwen3.8-Flash,Jev-1.13.0,hosted,0.93,0.9,0.956667,9.999e-05,0.986667,0.96,1,1.38343,1.38343,1.42576,0.000153586,1.10874,1.10874,1.10874,4,false
A,load_8,Laya,SemIf-Qwen3.5-4B,self-hosted,-0.106667,-0.153333,-0.06,9.999e-05,-0.733333,-0.783333,-0.68,-0.57777,-0.57777,-0.57777,0.000153586,-0.57777,-0.57777,-0.57777,1,false
A,load_8,Qwen3.5-4B-JSON,SemIf-Qwen3.5-4B,self-hosted,0.00666667,0,0.02,0.698,0.00666667,0,0.02,0.487435,0.487435,0.487435,0.000153586,0.487435,0.487435,0.487435,1,false
A,load_16,DeepSeek-V4.1-Flash,Jev-1.13.0,hosted,0.813333,0.616667,0.946667,9.999e-05,0.876667,0.69,1,1.07731,1.07731,1.09877,0.000153586,0.799206,0.799206,0.799206,27,false
A,load_16,GLM-5.3-Flash,Jev-1.13.0,hosted,0.883333,0.806667,0.946667,9.999e-05,0.946667,0.87,1,1.30905,1.30905,1.31071,0.000153586,0.68698,0.68698,0.68698,7,false
A,load_16,Qwen3.8-Flash,Jev-1.13.0,hosted,0.903333,0.833333,0.953333,9.999e-05,0.966667,0.906667,1,1.02162,1.02162,1.02162,0.000153586,1.02162,1.02162,1.02162,1,false
A,load_16,Laya,SemIf-Qwen3.5-4B,self-hosted,-0.0833333,-0.14,-0.03,0.0002,-0.516667,-0.696667,-0.306667,-0.577471,-0.577471,-0.577471,0.000153586,-0.577471,-0.577471,-0.577471,1,false
A,load_16,Qwen3.5-4B-JSON,SemIf-Qwen3.5-4B,self-hosted,0.00666667,0,0.02,0.698,0.00666667,0,0.02,0.48645,0.48645,0.48645,0.000153586,0.48645,0.48645,0.48645,1,false
A,deadline_0.5,DeepSeek-V4.1-Flash,Jev-1.13.0,hosted,0.513333,0.433333,0.586667,9.999e-05,0.57,0.49,0.64,0.0586488,0.0487403,0.092002,9.999e-05,0.118653,0.109107,0.133936,107,true
A,deadline_0.5,GLM-5.3-Flash,Jev-1.13.0,hosted,0.89,0.866667,0.916667,9.999e-05,0.95,0.93,0.97,,,,,,,,0,false
A,deadline_0.5,Qwen3.8-Flash,Jev-1.13.0,hosted,0.89,0.866667,0.916667,9.999e-05,0.95,0.93,0.97,,,,,,,,0,false
A,deadline_0.5,Laya,SemIf-Qwen3.5-4B,self-hosted,-0.116667,-0.16,-0.0766667,9.999e-05,-0.743333,-0.79,-0.686667,,,,,,,,0,false
A,deadline_0.5,Qwen3.5-4B-JSON,SemIf-Qwen3.5-4B,self-hosted,0,0,0,1,0,0,0,,,,,,,,0,false
A,deadline_1,DeepSeek-V4.1-Flash,Jev-1.13.0,hosted,0.0133333,-0.02,0.06,0.6636,0.0766667,0.03,0.136667,0.378722,0.29863,0.439659,9.999e-05,0.147579,0.121604,0.16153,258,true
A,deadline_1,GLM-5.3-Flash,Jev-1.13.0,hosted,0.2,0.10325,0.293333,9.999e-05,0.27,0.183333,0.356667,0.503253,0.459175,0.524394,9.999e-05,0.40218,0.373237,0.420417,201,true
A,deadline_1,Qwen3.8-Flash,Jev-1.13.0,hosted,0.926667,0.89,0.96,9.999e-05,0.996667,0.99,1,,,,,,,,0,false
A,deadline_1,Laya,SemIf-Qwen3.5-4B,self-hosted,-0.113333,-0.156667,-0.0733333,9.999e-05,-0.74,-0.786667,-0.686667,-0.619926,-0.619926,-0.619926,0.000153586,-0.619926,-0.619926,-0.619926,1,false
A,deadline_1,Qwen3.5-4B-JSON,SemIf-Qwen3.5-4B,self-hosted,0.00333333,0,0.01,0.698,0.00333333,0,0.01,,,,,,,,0,false
A,deadline_4,DeepSeek-V4.1-Flash,Jev-1.13.0,hosted,-0.0433333,-0.0633333,-0.0233333,9.999e-05,0.00333333,0,0.01,0.529747,0.176512,0.675461,9.999e-05,0.138391,0.124533,0.158602,281,true
A,deadline_4,GLM-5.3-Flash,Jev-1.13.0,hosted,-0.0466667,-0.08,-0.0166667,0.0016,0.00333333,0,0.01,0.960137,0.786508,1.0574,9.999e-05,0.484407,0.439401,0.581789,280,true
A,deadline_4,Qwen3.8-Flash,Jev-1.13.0,hosted,0.893333,0.823333,0.946667,9.999e-05,0.946667,0.866667,1,3.40334,3.26573,3.48498,0.000102965,2.72211,2.25384,3.48498,14,false
A,deadline_4,Laya,SemIf-Qwen3.5-4B,self-hosted,-0.09,-0.15,-0.02,0.0194,-0.716667,-0.78,-0.643333,-0.582837,-0.582837,-0.582837,0.000153586,-0.582837,-0.582837,-0.582837,1,false
A,deadline_4,Qwen3.5-4B-JSON,SemIf-Qwen3.5-4B,self-hosted,0.02,0,0.06,0.698,0.0133333,0,0.04,1.28817,1.28817,1.333,0.000153586,0.884757,0.884757,0.884757,2,false
A,topo_10,DeepSeek-V4.1-Flash,Jev-1.13.0,hosted,-0.0533333,-0.0766667,-0.03,9.999e-05,0,0,0,1.00846,0.609552,1.18578,9.999e-05,0.420182,0.258154,0.601165,281,true
A,topo_10,GLM-5.3-Flash,Jev-1.13.0,hosted,0.916667,0.89,0.946667,9.999e-05,0.976667,0.95,1,1.42856,1.07967,1.55642,0.000111682,1.22904,0.778107,1.48398,5,false
A,topo_10,Qwen3.8-Flash,Jev-1.13.0,hosted,0.926667,0.896667,0.956667,9.999e-05,0.986667,0.96,1,1.3493,1.3493,1.35231,0.000153586,1.26215,1.26215,1.26215,4,false
A,topo_10,Laya,SemIf-Qwen3.5-4B,self-hosted,-0.106667,-0.153333,-0.06,9.999e-05,-0.733333,-0.783333,-0.68,-0.599661,-0.599661,-0.599661,0.000153586,-0.599661,-0.599661,-0.599661,1,false
A,topo_10,Qwen3.5-4B-JSON,SemIf-Qwen3.5-4B,self-hosted,0.00666667,0,0.02,0.698,0.00333333,0,0.01,0.423484,0.423484,0.423484,0.000153586,0.423484,0.423484,0.423484,1,false
A,topo_20,DeepSeek-V4.1-Flash,Jev-1.13.0,hosted,0.09,-0.0333333,0.233333,0.2008,0.136667,0.01,0.276667,1.34966,1.11084,1.47441,9.999e-05,0.59814,0.375031,1.1253,241,true
A,topo_20,GLM-5.3-Flash,Jev-1.13.0,hosted,0.82,0.64,0.94,9.999e-05,0.876667,0.693333,0.99,1.52144,1.50792,1.59116,0.000102987,1.17274,1.03489,1.61456,33,true
A,topo_20,Qwen3.8-Flash,Jev-1.13.0,hosted,0.933333,0.9,0.963333,9.999e-05,0.99,0.97,1,1.21321,1.21321,1.22299,0.000153586,1.12517,1.12517,1.12517,3,false
A,topo_20,Laya,SemIf-Qwen3.5-4B,self-hosted,-0.106667,-0.153333,-0.06,9.999e-05,-0.733333,-0.783333,-0.68,-0.606034,-0.606034,-0.606034,0.000153586,-0.606034,-0.606034,-0.606034,1,false
A,topo_20,Qwen3.5-4B-JSON,SemIf-Qwen3.5-4B,self-hosted,0.00666667,0,0.02,0.698,0.00333333,0,0.01,0.386449,0.386449,0.386449,0.000153586,0.386449,0.386449,0.386449,1,false
A,topo_40,DeepSeek-V4.1-Flash,Jev-1.13.0,hosted,-0.0433333,-0.06,-0.0266667,9.999e-05,0.00333333,0,0.01,0.882032,0.512843,1.05129,9.999e-05,0.361759,0.243111,0.538642,282,true
A,topo_40,GLM-5.3-Flash,Jev-1.13.0,hosted,0.923333,0.886667,0.956667,9.999e-05,0.976667,0.943333,1,1.31999,1.23897,1.47186,0.000111869,1.15612,1.04342,1.47079,7,false
A,topo_40,Qwen3.8-Flash,Jev-1.13.0,hosted,0.94,0.92,0.96,9.999e-05,0.993333,0.98,1,1.23573,1.23573,1.2468,0.000153586,1.13605,1.13605,1.13605,2,false
A,topo_40,Laya,SemIf-Qwen3.5-4B,self-hosted,-0.106667,-0.153333,-0.06,9.999e-05,-0.733333,-0.783333,-0.68,-0.597392,-0.597392,-0.597392,0.000153586,-0.597392,-0.597392,-0.597392,1,false
A,topo_40,Qwen3.5-4B-JSON,SemIf-Qwen3.5-4B,self-hosted,0.00666667,0,0.02,0.698,0.00666667,0,0.02,0.52032,0.52032,0.52032,0.000153586,0.52032,0.52032,0.52032,1,false
A,reuse_changing_on,DeepSeek-V4.1-Flash,Jev-1.13.0,hosted,-0.0133333,-0.0433333,0.0233333,0.4744,0.03,0,0.0666667,0.299731,0.184743,0.480369,9.999e-05,0.139284,0.126132,0.152101,270,true
A,reuse_changing_on,GLM-5.3-Flash,Jev-1.13.0,hosted,0.173333,0.02,0.34,0.0208,0.23,0.0833333,0.39,1.30667,1.13217,1.42063,9.999e-05,0.620782,0.492653,0.958141,217,true
A,reuse_changing_on,Qwen3.8-Flash,Jev-1.13.0,hosted,0.936667,0.913333,0.956667,9.999e-05,0.993333,0.98,1,1.34048,1.34048,1.37576,0.000153586,1.02293,1.02293,1.02293,2,false
A,reuse_changing_on,Laya,SemIf-Qwen3.5-4B,self-hosted,-0.106667,-0.153333,-0.06,9.999e-05,-0.733333,-0.783333,-0.68,-0.588229,-0.588229,-0.588229,0.000153586,-0.588229,-0.588229,-0.588229,1,false
A,reuse_changing_on,Qwen3.5-4B-JSON,SemIf-Qwen3.5-4B,self-hosted,0.00666667,0,0.02,0.698,0.00333333,0,0.01,0.456332,0.456332,0.456332,0.000153586,0.456332,0.456332,0.456332,1,false
A,reuse_repeated_off,DeepSeek-V4.1-Flash,Jev-1.13.0,hosted,0.00333333,0,0.01,0.6942,0.00333333,0,0.01,0.215848,0.116068,0.559473,9.999e-05,0.114854,0.107177,0.127043,299,true
A,reuse_repeated_off,GLM-5.3-Flash,Jev-1.13.0,hosted,0.22,0.0533333,0.413417,0.0024,0.22,0.0533333,0.413417,1.3388,0.872998,1.44177,9.999e-05,0.476761,0.426318,0.608598,234,true
A,reuse_repeated_off,Qwen3.8-Flash,Jev-1.13.0,hosted,0.966667,0.92,1,9.999e-05,0.966667,0.92,1,1.21559,1.03398,1.48389,0.000102965,1.30535,1.05965,1.46713,10,false
A,reuse_repeated_off,Laya,SemIf-Qwen3.5-4B,self-hosted,-0.1,-0.123333,-0.0766667,9.999e-05,-0.603333,-0.653333,-0.553333,,,,,,,,0,false
A,reuse_repeated_off,Qwen3.5-4B-JSON,SemIf-Qwen3.5-4B,self-hosted,0.01,0,0.03,0.698,0.00666667,0,0.02,0.554242,0.554242,0.554242,0.000153586,0.554242,0.554242,0.554242,1,false
A,reuse_repeated_on,DeepSeek-V4.1-Flash,Jev-1.13.0,hosted,0,0,0,1,0,0,0,0.0001876,-0.0011854,0.236883,0.8836,0.000495,-0.0005435,0.00110204,300,true
A,reuse_repeated_on,GLM-5.3-Flash,Jev-1.13.0,hosted,0,0,0,1,0,0,0,0.00075785,-0.0013915,0.443297,0.8464,0.000522,-0.000375063,0.0010395,300,true
A,reuse_repeated_on,Qwen3.8-Flash,Jev-1.13.0,hosted,0.03,0,0.09,0.698,0.03,0,0.09,0.0054845,-0.001171,1.18827,0.3468,0.000294,-0.000269,0.000922,291,true
A,reuse_repeated_on,Laya,SemIf-Qwen3.5-4B,self-hosted,0.84,0.726667,0.913333,9.999e-05,0.336667,0.236667,0.413333,-0.0027765,-1.15019,0.0003898,0.1992,-0.001161,-0.0084315,0.001477,31,true
A,reuse_repeated_on,Qwen3.5-4B-JSON,SemIf-Qwen3.5-4B,self-hosted,0.376667,0.33,0.42,9.999e-05,0.0633333,0,0.15,8.54e-05,-0.00096225,0.000659,0.8092,-0.000132,-0.000372,0.000977425,173,true
A,bursty,DeepSeek-V4.1-Flash,Jev-1.13.0,hosted,-0.0366667,-0.0533333,-0.02,9.999e-05,0.00333333,0,0.01,0.4626,0.178188,0.597733,9.999e-05,0.139967,0.112108,0.182242,282,true
A,bursty,GLM-5.3-Flash,Jev-1.13.0,hosted,0.726667,0.516667,0.893333,9.999e-05,0.773333,0.54,0.96,1.39392,1.09987,1.55325,0.00010012,0.815119,0.390968,1.50222,65,true
A,bursty,Qwen3.8-Flash,Jev-1.13.0,hosted,0.886667,0.82,0.933333,9.999e-05,0.926667,0.84,1,1.13864,0.899061,1.53829,0.000102965,0.978805,0.947677,1.01432,19,false
A,bursty,Laya,SemIf-Qwen3.5-4B,self-hosted,-0.0333333,-0.11,0.0766667,0.4974,-0.656667,-0.733333,-0.553333,-0.972449,-1.06127,-0.426443,0.000111657,-0.473818,-0.791233,-0.430219,4,false
A,bursty,Qwen3.5-4B-JSON,SemIf-Qwen3.5-4B,self-hosted,0.03,0,0.07,0.2138,0.0166667,0,0.04,0.804127,0.566419,1.0089,0.000111657,0.371591,0.371591,0.546412,15,false
B,steady_changing_off,DeepSeek-V4.1-Flash,Jev-1.13.0,hosted,0.1,0.0223464,0.189944,0.0082,0.1,0.0223464,0.189944,0.641055,0.306189,1.00556,9.999e-05,0.136576,0.119144,0.186514,74,true
B,steady_changing_off,GLM-5.3-Flash,Jev-1.13.0,hosted,0.0611111,0.00546448,0.139665,0.045,0.0611111,0.00546448,0.139665,0.628314,0.466861,0.870124,9.999e-05,0.371968,0.314479,0.438273,81,true
B,steady_changing_off,Qwen3.8-Flash,Jev-1.13.0,hosted,0.194444,0.0773481,0.325967,9.999e-05,0.194444,0.0773481,0.325967,1.41569,1.28125,1.45398,9.999e-05,1.04954,1.00593,1.14734,57,true
B,steady_changing_off,Laya,SemIf-Qwen3.5-4B,self-hosted,-0.105556,-0.222222,0.0220994,0.1076,-0.105556,-0.222222,0.0220994,-1.34459,-1.48376,-1.20032,0.000100442,-0.783061,-1.31274,-0.460709,17,false
B,steady_changing_off,Qwen3.5-4B-JSON,SemIf-Qwen3.5-4B,self-hosted,0.138889,0.0388889,0.238889,0.009,0.138889,0.0388889,0.238889,0.491977,0.491977,0.501406,0.000152138,0.40712,0.40712,0.40712,2,false
B,steady_changing_on,DeepSeek-V4.1-Flash,Jev-1.13.0,hosted,0.00555556,0,0.0168539,0.6762,0.00555556,0,0.0168539,0.217637,-0.0206172,0.36363,0.051,0.143465,0.130317,0.159899,91,true
B,steady_changing_on,GLM-5.3-Flash,Jev-1.13.0,hosted,0.0611111,0,0.146067,0.2064,0.0611111,0,0.146067,1.11454,0.40746,1.46761,0.0032,0.415577,0.334595,0.492777,81,true
B,steady_changing_on,Qwen3.8-Flash,Jev-1.13.0,hosted,0.233333,0.138122,0.337017,9.999e-05,0.233333,0.138122,0.337017,1.43958,0.971718,1.52906,9.999e-05,1.19579,1.04684,1.31027,50,true
B,steady_changing_on,Laya,SemIf-Qwen3.5-4B,self-hosted,-0.216667,-0.331492,-0.0879121,0.0012,-0.216667,-0.331492,-0.0879121,-1.38605,-1.54034,-1.38605,0.000152138,-0.495373,-0.495373,-0.495373,4,false
B,steady_changing_on,Qwen3.5-4B-JSON,SemIf-Qwen3.5-4B,self-hosted,0.0277778,0,0.0833333,0.6856,0.0277778,0,0.0833333,0.501886,0.501886,0.507713,0.000152138,0.449444,0.449444,0.449444,2,false
B,steady_repeated_off,DeepSeek-V4.1-Flash,Jev-1.13.0,hosted,0.00555556,0,0.0166667,0.6974,0.00555556,0,0.0166667,0.293796,0.218451,1.07844,9.999e-05,0.147714,0.134612,0.161851,89,true
B,steady_repeated_off,GLM-5.3-Flash,Jev-1.13.0,hosted,0.05,0,0.0994475,0.0514,0.05,0,0.0994475,0.84539,0.334318,1.15971,9.999e-05,0.314089,0.297196,0.36434,81,true
B,steady_repeated_off,Qwen3.8-Flash,Jev-1.13.0,hosted,0.177778,0.109875,0.254144,9.999e-05,0.177778,0.109875,0.254144,1.48045,1.35939,1.54536,9.999e-05,1.07497,1.02179,1.18115,58,true
B,steady_repeated_off,Laya,SemIf-Qwen3.5-4B,self-hosted,-0.222222,-0.275281,-0.176796,9.999e-05,-0.222222,-0.275281,-0.176796,,,,,,,,0,false
B,steady_repeated_off,Qwen3.5-4B-JSON,SemIf-Qwen3.5-4B,self-hosted,0,0,0,1,0,0,0,0.695129,0.695129,0.712357,0.000152138,0.540074,0.540074,0.540074,2,false
B,steady_repeated_on,DeepSeek-V4.1-Flash,Jev-1.13.0,hosted,0,0,0,1,0,0,0,-0.007599,-0.020313,0.157102,0.8094,-0.010912,-0.01848,0.0016245,90,true
B,steady_repeated_on,GLM-5.3-Flash,Jev-1.13.0,hosted,0,0,0,1,0,0,0,0.00445475,-0.0086426,0.332947,0.4992,0.007128,-0.0080073,0.01673,90,true
B,steady_repeated_on,Qwen3.8-Flash,Jev-1.13.0,hosted,0,0,0,1,0,0,0,-0.00107095,-0.00828481,1.21482,0.9784,0.009654,0.002313,0.0180452,90,true
B,steady_repeated_on,Laya,SemIf-Qwen3.5-4B,self-hosted,0.266667,0.234973,0.310734,9.999e-05,0.266667,0.234973,0.310734,0.006235,-0.002849,0.0126952,0.4342,0.005962,0.000138,0.0164265,41,true
B,steady_repeated_on,Qwen3.5-4B-JSON,SemIf-Qwen3.5-4B,self-hosted,0.0111111,0,0.0333333,0.6856,0.0111111,0,0.0333333,0.00051615,-0.0066702,0.517566,0.7708,0.000981,-0.000739,0.009089,88,true
B,bursty_changing_off,DeepSeek-V4.1-Flash,Jev-1.13.0,hosted,0.0444444,0,0.122222,0.2022,0.0444444,0,0.122222,1.40989,0.375125,1.49224,9.999e-05,0.24698,0.192025,0.347392,84,true
B,bursty_changing_off,GLM-5.3-Flash,Jev-1.13.0,hosted,0.344444,0.209945,0.477528,9.999e-05,0.344444,0.209945,0.477528,1.49056,1.23492,1.58194,0.00010002,0.930794,0.425446,1.54165,30,true
B,bursty_changing_off,Qwen3.8-Flash,Jev-1.13.0,hosted,0.472222,0.4,0.544444,9.999e-05,0.472222,0.4,0.544444,1.2983,1.19729,1.36937,0.000110926,1.12751,1.09985,1.36054,7,false
B,bursty_changing_off,Laya,SemIf-Qwen3.5-4B,self-hosted,-0.2,-0.325843,-0.0662983,0.0032,-0.2,-0.325843,-0.0662983,-0.374494,-0.40024,-0.322459,0.000110583,-0.344919,-0.40024,-0.344919,3,false
B,bursty_changing_off,Qwen3.5-4B-JSON,SemIf-Qwen3.5-4B,self-hosted,0.0333333,0,0.0898876,0.1972,0.0333333,0,0.0898876,0.565595,0.326613,0.599207,0.000102323,0.353085,0.326613,0.599207,4,false
B,bursty_changing_on,DeepSeek-V4.1-Flash,Jev-1.13.0,hosted,0.00555556,0,0.0168539,0.6762,0.00555556,0,0.0168539,0.907363,0.397226,0.982227,9.999e-05,0.22932,0.191284,0.480913,91,true
B,bursty_changing_on,GLM-5.3-Flash,Jev-1.13.0,hosted,0.3,0.144444,0.452514,9.999e-05,0.3,0.144444,0.452514,1.54284,1.48242,1.5881,9.999e-05,0.89434,0.418041,1.25774,38,true
B,bursty_changing_on,Qwen3.8-Flash,Jev-1.13.0,hosted,0.466667,0.39779,0.538889,9.999e-05,0.466667,0.39779,0.538889,1.56994,0.837666,1.60312,0.000102323,1.09475,0.837666,1.11727,8,false
B,bursty_changing_on,Laya,SemIf-Qwen3.5-4B,self-hosted,-0.2,-0.325843,-0.0662983,0.0032,-0.2,-0.325843,-0.0662983,-0.395254,-0.434828,-0.386271,0.000110583,-0.429669,-0.434828,-0.405977,3,false
B,bursty_changing_on,Qwen3.5-4B-JSON,SemIf-Qwen3.5-4B,self-hosted,0.0333333,0,0.0898876,0.1972,0.0333333,0,0.0898876,0.549452,0.298424,0.583232,0.000102323,0.330823,0.285539,0.583232,4,false
B,bursty_repeated_off,DeepSeek-V4.1-Flash,Jev-1.13.0,hosted,0.0555556,0.0111732,0.105556,0.009,0.0555556,0.0111732,0.105556,1.36958,1.21849,1.43306,9.999e-05,0.9626,0.222418,1.25006,80,true
B,bursty_repeated_off,GLM-5.3-Flash,Jev-1.13.0,hosted,0.388889,0.254144,0.5,9.999e-05,0.388889,0.254144,0.5,1.57632,1.54191,1.62517,0.000100402,0.995757,0.922882,1.67191,20,false
B,bursty_repeated_off,Qwen3.8-Flash,Jev-1.13.0,hosted,0.472222,0.411111,0.544944,9.999e-05,0.472222,0.411111,0.544944,1.30485,1.07872,1.34912,0.000111433,1.17297,1.09461,1.24228,5,false
B,bursty_repeated_off,Laya,SemIf-Qwen3.5-4B,self-hosted,-0.177778,-0.241573,-0.116667,9.999e-05,-0.177778,-0.241573,-0.116667,-1.66722,-1.71563,-1.53032,0.000111433,-1.02843,-1.07493,-1.0094,4,false
B,bursty_repeated_off,Qwen3.5-4B-JSON,SemIf-Qwen3.5-4B,self-hosted,0.0277778,0,0.0722222,0.2054,0.0277778,0,0.0722222,0.488401,0.299159,0.56231,0.000111433,0.289724,0.289724,0.423105,5,false
B,bursty_repeated_on,DeepSeek-V4.1-Flash,Jev-1.13.0,hosted,0,0,0,1,0,0,0,1.43e-05,-0.018645,0.107084,0.7388,-0.004293,-0.012039,0.00315187,90,true
B,bursty_repeated_on,GLM-5.3-Flash,Jev-1.13.0,hosted,0,0,0,1,0,0,0,0.00193975,-0.011904,0.360977,0.7266,-2.6e-05,-0.0046342,0.0062015,90,true
B,bursty_repeated_on,Qwen3.8-Flash,Jev-1.13.0,hosted,0,0,0,1,0,0,0,-0.0150852,-0.02058,0.762838,0.7096,-0.0142195,-0.018443,-0.005064,90,true
B,bursty_repeated_on,Laya,SemIf-Qwen3.5-4B,self-hosted,0.266667,0.234973,0.310734,9.999e-05,0.266667,0.234973,0.310734,-0.005939,-0.011502,0.0191221,0.876,0.014233,0.003117,0.025106,41,true
B,bursty_repeated_on,Qwen3.5-4B-JSON,SemIf-Qwen3.5-4B,self-hosted,0,0,0,1,0,0,0,-0.0091815,-0.017826,0.34701,0.866,0.0029985,-0.002142,0.00644652,90,true
